site_project_id,n,mean_actual,mean_pred,mean_residual
izmit::sehri_bahce_3,1,70952.38,33781.25997637823,-37171.12002362178
izmit::sogucak,1,72222.22,38544.24366980616,-33677.976330193844
izmit::sehr_i_bahce_sitesi_3,1,66346.15,41285.11090469426,-25061.039095305736
basiskele::panorama_3,1,68780.49,45136.96929437747,-23643.520705622534
kartepe::hursoy_sapphire,1,71000.0,48521.83245663507,-22478.16754336493
izmit::elit_kirk_bir,1,63105.26,41295.17565860264,-21810.084341397363
kartepe::gate_41,1,64634.15,44072.39270436941,-20561.75729563059
izmit::armadakent_1,1,89062.5,68612.36569638026,-20450.134303619736
izmit::muasir_kent,1,58333.33,38443.48719213643,-19889.84280786357
golcuk::guler_sabanci,1,41200.0,21887.366072800374,-19312.633927199626
basiskele::yuvacik_pasadagi_mh,1,57241.38,38281.67661000605,-18959.70338999395
basiskele::vistapark,1,60000.0,41494.16156423484,-18505.83843576516
basiskele::temizel_tepe_loft,1,52777.78,35330.0067634134,-17447.773236586596
karamursel::zumrut_2,1,51339.29,34108.197747862025,-17231.092252137976
karamursel::karamursel_aydin,1,41714.29,24831.656703767374,-16882.633296232627
basiskele::semt_bahcecik,1,61111.11,44537.01421200769,-16574.095787992308
izmit::kabaoglu,1,64486.57,48006.6728206938,-16479.8971793062
izmit::yesilova_mah,1,63000.0,46547.78193283185,-16452.21806716815
karamursel::kolayli_2,2,57031.58,40964.57471770908,-16067.00528229092
basiskele::akven_armoni_teras,1,51415.09,35425.31859163946,-15989.771408360539
basiskele::erenoglu_gm_den,1,60185.19,44505.335069495544,-15679.854930504458
izmit::terrace,1,54166.67,38552.41868192501,-15614.251318074988
golcuk::luxury_sea_suit,1,45614.04,30102.036505563417,-15512.003494436583
izmit::armakent_4,1,70564.52,55254.66683665513,-15309.853163344873
basiskele::merkezde_essiz_bir,1,56666.67,41442.612746685016,-15224.057253314983
basiskele::yuvacikta,1,57500.0,42336.09898909277,-15163.901010907233
karamursel::saka,1,47523.81,32848.90613126536,-14674.90386873464
izmit::sehrin_yildizi,1,44545.45,29937.103711131767,-14608.34628886823
izmit::gundogdu_havuzlu_asansorlu,1,65126.05,50598.32715697684,-14527.722843023163
izmit::kurucesmenin_ustu,1,60000.0,45820.65746063464,-14179.34253936536
izmit::full,2,76119.4,62028.882136779735,-14090.517863220259
izmit::hanzade,1,50588.24,36676.167127655935,-13912.072872344062
kartepe::hursoy_nefes_kartepe,2,62726.815,49023.746338401295,-13703.068661598707
kartepe::vefakent_gulbahce,1,47931.03,34333.14109458978,-13597.888905410218
kartepe::casaba,3,63405.223333333335,50092.38778862937,-13312.835544703965
kartepe::ertugrul_gazi_mh,1,63333.33,50057.96594928199,-13275.36405071801
izmit::sunrise_yesilova,1,60000.0,46798.76271877455,-13201.237281225447
golcuk::dogakent,1,35897.44,23000.61257618564,-12896.827423814364
izmit::remax_plaj_yolu_deniz_manzarali,1,62416.67,49559.56328978369,-12857.106710216307
izmit::dan_bayindirlik,1,46869.57,34182.189363319805,-12687.380636680195
kartepe::vefakent_saklibahce,3,45959.59333333333,33483.20299740945,-12476.390335923885
karamursel::kolayli_4,1,44117.65,31711.45936920336,-12406.190630796642
basiskele::panoramakent_3,1,54166.67,41773.34291059563,-12393.327089404367
izmit::manzara,1,51546.39,39177.37867563215,-12369.01132436785
basiskele::seymen,1,55714.29,43454.28458084789,-12260.005419152112
golcuk::flora,1,44333.33,32143.339538512657,-12189.990461487345
kartepe::ertugrul_gazi_de,2,55113.634999999995,42993.39385349255,-12120.241146507451
karamursel::hetas_konaklari,2,55000.0,43376.34814344294,-11623.651856557059
izmit::altinevler,1,60833.33,49378.91874179642,-11454.411258203581
basiskele::kolayli_kullar,1,48333.33,36958.69768233899,-11374.63231766101
golcuk::dan,1,64375.0,53091.20145977837,-11283.798540221629
kartepe::kaymakamlik_belediye_yani_tower,1,63281.25,52261.305851780686,-11019.944148219314
karamursel::cam,1,46000.0,35064.50565634239,-10935.494343657607
izmit::yasam,1,52500.0,41663.08314896385,-10836.916851036149
basiskele::pasadag_mh_de_konsept_talha_park,1,41807.91,30987.246571999858,-10820.663428000145
izmit::kentsa,4,64234.085,53652.04359733846,-10582.041402661544
golcuk::supark_arcadia,1,44230.77,33813.29733151721,-10417.472668482784
golcuk::baris_park_evleri_1,2,43389.53999999999,33042.17326268341,-10347.36673731658
izmit::yahyakaptan_armada_kent,1,78620.69,68338.46286116217,-10282.227138837829
basiskele::kolayli,1,50000.0,39814.72357526498,-10185.27642473502
basiskele::ustgrup_lifeside,3,54816.92999999999,44726.18488876958,-10090.745111230413
basiskele::ara,1,55312.5,45251.5773198913,-10060.922680108699
izmit::nikomedya_can,1,48484.85,38432.294155428004,-10052.555844571994
izmit::respark_3,1,54098.36,44069.12143629757,-10029.238563702427
basiskele::basiskele_de_asev_muhit,1,53333.33,43346.00950268457,-9987.320497315435
izmit::ozum,2,60978.71,51009.24075695228,-9969.469243047723
golcuk::baris_vizyon_deluxe_3,2,51111.11,41151.30854962646,-9959.80145037354
kartepe::kartepe_stone_suite,1,46250.0,36294.83288576486,-9955.16711423514
kartepe::carpediem_kartepe,3,54404.763333333336,44575.19797764994,-9829.565355683391
izmit::uygun,1,38716.81,28890.04179549122,-9826.768204508779
izmit::plajyolunda,2,68550.42,58815.24194003022,-9735.178059969781
izmit::gokce,3,50485.71333333334,40762.25220066659,-9723.461132666738
izmit::bayindirlik_konutlari_12_ada,1,46666.67,36976.807469262785,-9689.862530737213
basiskele::bulvar,2,51688.655,42020.913091957555,-9667.74190804244
kartepe::1_69_kredi_icon,1,57600.0,48115.75965751607,-9484.240342483929
basiskele::cb_mahall_den_pasadag_da,1,42857.14,33441.1608759246,-9415.979124075398
basiskele::orka_life,3,56599.920000000006,47259.83898741111,-9340.081012588895
izmit::listing_portal_yelkent_tetra,1,47058.82,37773.31215036043,-9285.507849639573
kartepe::guckat_life,1,46875.0,37707.89433279197,-9167.10566720803
izmit::sea_life,2,63651.315,54528.77125355585,-9122.54374644415
izmit::kore,1,44736.84,35681.320128908934,-9055.519871091063
kartepe::beykent_konaklari_611,1,50645.16,41598.30495811048,-9046.855041889525
golcuk::degirmendere_modern,2,47241.375,38301.28342722694,-8940.091572773064
kartepe::kartepe_fsm_bahcesehir_koleji_yakini_gulas,1,49818.18,40921.336660948655,-8896.843339051346
golcuk::camlik,1,41851.85,32979.055244693795,-8872.794755306204
kartepe::my_world_kartepe,1,57692.31,48824.26685483352,-8868.043145166477
kartepe::emlakcim41_kent,1,41390.13,32539.144453239154,-8850.985546760843
golcuk::baris_vizyon_deluxe,1,45454.55,36610.10632344013,-8844.443676559873
izmit::kent_tuana,2,62504.395000000004,53689.63471851907,-8814.760281480932
izmit::sehir_h_karsisi,1,46666.67,38105.57244603391,-8561.097553966087
izmit::cepni_corner_park,1,49500.0,41040.82419795387,-8459.175802046128
karamursel::gizli_bahce,1,44615.38,36193.408285938014,-8421.971714061983
kartepe::ekomax_dan_e_gazi_asansrlu_havzlu,1,46333.33,37928.030948069456,-8405.299051930546
izmit::seka_memur,1,30384.62,22045.754983584346,-8338.865016415653
izmit::karabas_mah_kent,1,32727.27,24465.895126775897,-8261.374873224104
basiskele::yagmurkent,1,57692.31,49432.90154353194,-8259.40845646806
kartepe::yagmur_dan,1,46551.72,38380.683686300596,-8171.036313699406
golcuk::hisar,1,42000.0,33845.03699395068,-8154.963006049322
kartepe::green_life_1,1,54814.81,46660.05867142122,-8154.751328578779
izmit::aslantas_plus,1,55128.21,47033.37605344696,-8094.833946553037
izmit::kurucesme_doktorlar,1,47368.42,39341.95656538042,-8026.463434619582
basiskele::parla_100_yil,3,49074.073333333334,41054.745339387046,-8019.3279939462855
izmit::erenler_cedit,4,45101.475,37083.036806078504,-8018.4381939214945
izmit::plajyolu_avangard,1,62416.67,54412.40575368784,-8004.264246312159
izmit::terrace_yahyakaptan,4,59150.2025,51244.09055693716,-7906.111943062837
izmit::gundogduda,1,47142.86,39268.851030484286,-7874.008969515715
izmit::fnd_smart_side_2,1,52307.69,44539.706391861604,-7767.983608138398
basiskele::anatolia,1,45112.78,37397.81746384398,-7714.962536156017
golcuk::olkar_sakli_vadi_konagi,1,46428.57,38922.72912426711,-7505.840875732887
golcuk::sirinkent_kalici_konutlari_19_ada,1,38333.33,30848.25226413677,-7485.077735863233
kartepe::gokbal_sirius,1,48222.22,40777.51986849033,-7444.700131509671
izmit::alikahya_kavanium,1,52000.0,44555.616610472076,-7444.383389527924
basiskele::zeray_korupark,6,49349.613333333335,41942.31303129049,-7407.300302042844
izmit::yesilova_liva_park,1,61475.41,54124.994548241404,-7350.415451758599
basiskele::egimsiz,2,55861.245,48523.04618983339,-7338.1988101666175
kartepe::guldeste_sitesi_7,1,41346.15,34044.112497086215,-7302.037502913787
basiskele::kolayli_karsiyaka,1,42424.24,35166.19486591597,-7258.04513408403
izmit::cinar_vadisi_konaklari,1,45833.33,38610.56892781932,-7222.761072180685
kartepe::zeray_forum_anatolia,1,40357.14,33241.54903686837,-7115.590963131632
izmit::ata,1,60416.67,53415.596025827996,-7001.073974172003
izmit::turkuaz_park,2,60823.53,53832.78604925975,-6990.743950740252
kartepe::zaferan,3,52711.48,45800.065642162226,-6911.414357837774
basiskele::twinkle_life,3,47867.42333333333,40997.81505590487,-6869.608277428459
kartepe::pakmaya_deprem,1,45500.0,38732.742607065884,-6767.257392934116
izmit::zeray_dora_hill,8,60618.04625,53870.63404749674,-6747.412202503267
izmit::sahilkent,1,40460.53,33809.17680634003,-6651.353193659968
golcuk::topcular_mh_ronesans,1,48076.92,41446.43386316851,-6630.486136831489
izmit::izmit_kavanium_sit,1,55486.11,48890.017835919134,-6596.0921640808665
golcuk::altinsehir,3,43083.54666666667,36535.655254156314,-6547.891412510352
kartepe::my_life_kartepe,3,55712.329999999994,49251.97993321976,-6460.350066780244
basiskele::manar_yuvacik_2,1,44636.02,38256.369171505416,-6379.650828494581
basiskele::basiskele_vadi,1,41842.11,35463.45334267727,-6378.656657322732
kartepe::atakent_evleri_152_ada,3,40550.723333333335,34240.72094949535,-6310.002383837986
golcuk::rakicioglu_sitesi_2,3,35334.920000000006,29032.866916176878,-6302.053083823124
basiskele::havuzlu,1,55625.0,49326.06741120839,-6298.932588791613
basiskele::bahama_insaat,1,48913.04,42629.31263442646,-6283.727365573541
kartepe::beykent_konaklari,1,43548.39,37303.31709696447,-6245.072903035529
izmit::venedik,1,51428.57,45190.31932342676,-6238.25067657324
basiskele::bahcecik_kalici_konutlar,1,35000.0,29020.994587064768,-5979.005412935232
golcuk::ciftlik_mahallesi_nde,1,46500.0,40522.21119599254,-5977.788804007461
kartepe::zeray_esil_kartepe,1,49565.22,43628.101485190215,-5937.118514809787
karamursel::ulu_cami_yakininda,1,52400.0,46467.948138128195,-5932.051861871805
basiskele::altinkent_kalici_konutlari_7_ada,1,34782.61,28857.627804165488,-5924.982195834513
izmit::sehir_hastanesi_karsisi_sarkent,1,41818.18,35904.70265740733,-5913.477342592669
izmit::vadikent,1,48823.53,42920.84031229579,-5902.689687704209
golcuk::versay_lilyum_park,1,49999.99,44229.389916535285,-5770.600083464713
izmit::kabaoglu_havuzlu,1,57500.0,51737.27601994569,-5762.72398005431
golcuk::degirmendere_de_deniz_manzarali_havuzlu,1,46666.67,40972.027840971554,-5694.642159028444
izmit::efdal_mai,4,44123.655,38464.75344061819,-5658.901559381813
izmit::alikahya_ve_dumlupinar_sinirinda,1,59090.91,53439.41893638899,-5651.491063611014
izmit::gulen,1,45833.33,40307.39527804592,-5525.93472195408
basiskele::asrin,3,43359.79,37839.50782142509,-5520.2821785749065
karamursel::kovuk_cinar,1,43333.33,37828.68102728174,-5504.648972718263
basiskele::garden,1,40882.35,35389.36090588006,-5492.989094119941
izmit::invest_global_den_yesilova_alfa,1,69090.91,63603.57749958572,-5487.332500414283
izmit::kartanesi,1,39909.09,34472.12681461675,-5436.963185383247
karamursel::kolayli_1,1,47222.22,41801.32227345925,-5420.897726540752
basiskele::teras_marmara,4,44314.6625,38906.43288191702,-5408.2296180829835
basiskele::panoramakent_4,3,51607.69,46201.60027221687,-5406.089727783127
izmit::fnd_smart_side,1,51666.67,46278.47406444256,-5388.195935557436
basiskele::rozna,1,48588.79,43218.74960909119,-5370.040390908813
izmit::sehir_hastanesine_yakin,1,45333.33,39964.10977065217,-5369.220229347833
kartepe::pasa_park_evleri_13,2,42766.455,37400.18777055652,-5366.2672294434815
golcuk::cati_dubleks_havuzlu,1,43809.52,38453.73178889659,-5355.788211103405
basiskele::dlux,1,43225.81,37897.898311280995,-5327.911688719003
izmit::vadikent_4,1,48529.41,43216.70828189194,-5312.701718108066
izmit::asayra_dan_bayindirlik_kalici,1,45500.0,40188.99176704302,-5311.008232956978
izmit::semt,7,56511.99571428571,51276.12408572804,-5235.871628557664
izmit::oluklu_ozon,2,55113.634999999995,49891.481316777106,-5222.153683222892
izmit::inci,3,44834.706666666665,39615.90073709056,-5218.805929576106
kartepe::effect_kartepe,2,52536.78,47318.42361213792,-5218.356387862077
izmit::gundogdu_dorukkent1,1,43200.0,37982.79399434374,-5217.206005656262
kartepe::kartepe_ataevler_hursoy_city,1,37307.69,32093.45872169132,-5214.231278308682
golcuk::emek,1,27314.81,22167.4810832991,-5147.3289167009025
basiskele::loca_torunoglu,1,45588.24,40488.7873457152,-5099.452654284796
basiskele::villa_liva,2,50576.925,45512.86921414512,-5064.055785854882
izmit::selale,1,48484.85,43454.26739531189,-5030.582604688112
izmit::bagcesme_konaklari,1,60833.33,55827.25747613939,-5006.07252386061
golcuk::tanyildizdan_golcuk_elit_park,1,44800.0,39881.53976714333,-4918.460232856669
golcuk::elit_park,2,45825.06,40961.70507295849,-4863.354927041506
basiskele::kullar_yakacik_ta_kacirilmayacak_butik,1,44285.71,39499.3108280765,-4786.399171923498
izmit::kavanium_evleri_815_ada,1,49679.49,44913.10098940294,-4766.389010597057
basiskele::royal_life,3,50745.386666666665,45987.839981772086,-4757.546684894584
kartepe::yatirimlik_kiracili,1,40500.0,35807.947582171175,-4692.052417828825
karamursel::ozgul_evler,3,48184.06333333333,43503.718202581214,-4680.34513075212
izmit::flora_park,2,70320.51000000001,65655.93346143779,-4664.576538562222
kartepe::ekomax_dan_kartpe_fsm_mah_havzlu_asanslu,1,46428.57,41783.3208442417,-4645.249155758298
karamursel::temmuz_da,1,45312.5,40675.193073553724,-4637.306926446276
golcuk::tasdan_premium_city,2,50333.335,45723.883148346635,-4609.451851653361
izmit::yesilova_anaket,1,41212.12,36648.51476724302,-4563.605232756985
basiskele::oluklu_life,4,40669.265,36108.872324383745,-4560.392675616255
kartepe::masal,1,48800.0,44278.05676636781,-4521.943233632192
basiskele::lotus,2,53273.81,48758.551045911925,-4515.258954088069
basiskele::yesilyurt_mah_durupark,1,48058.25,43548.272308254425,-4509.977691745575
basiskele::panoramakent_2,2,46385.35,41892.829163115195,-4492.520836884807
kartepe::gate41_masukiye,1,42857.14,38455.428894402285,-4401.711105597715
kartepe::remax_myra_dan_kartepe_fsm_de,1,44827.59,40437.593599411884,-4389.996400588112
golcuk::asena,1,45769.23,41405.081482770125,-4364.148517229878
basiskele::dongel_de,1,40740.74,36395.400339844244,-4345.339660155754
izmit::yelkent_alfa,3,69689.15666666666,65378.31056818659,-4310.8460984800695
izmit::masiva_kozluk,2,47485.795,43198.309318646105,-4287.485681353894
izmit::gulacti_deniz_konaklari,2,43517.854999999996,39258.882571913826,-4258.97242808617
kartepe::ars_den_kent_meydaninda,1,46153.85,41900.75996939596,-4253.090030604042
kartepe::sarimese_konaklari,5,44580.364,40398.05075863802,-4182.313241361982
golcuk::turkuaz,2,40625.0,36466.14038153909,-4158.859618460912
golcuk::sahan_torunogullari,2,45662.075,41549.33613891653,-4112.738861083471
golcuk::degirmendere_yuzbasilar_da,1,40201.01,36114.349407936184,-4086.6605920638176
golcuk::golcuk_mah_faralya,1,41176.47,37118.423758140314,-4058.046241859687
izmit::innovia_terrace,3,44831.38333333333,40777.54018216057,-4053.8431511727613
kartepe::marmara_34,3,49279.55333333334,45255.46444646202,-4024.0888868713105
izmit::umutkent,3,50478.55333333334,46462.84415178783,-4015.7091815455037
izmit::asrin_saraylari_2,3,41368.943333333336,37390.25901424417,-3978.6843190891595
basiskele::yuvacik_eksioglu_metsan,1,54597.7,50693.55467815107,-3904.145321848926
basiskele::isil,1,32692.31,28793.539286219107,-3898.770713780894
izmit::bagcesme_kavanium,1,42761.9,38878.69615760818,-3883.20384239182
kartepe::merkezi_konum_havuzlu_ve_asansorlu,1,45461.54,41608.89517621867,-3852.644823781331
izmit::tuana_evleri_2,15,61298.32133333333,57483.07505751833,-3815.2462758150073
izmit::hanife_sultan,2,52344.990000000005,48557.98600818963,-3787.003991810372
izmit::plajyolu,1,38461.54,34706.90921805765,-3754.6307819423528
izmit::yelken_park,2,39754.9,36002.96759391844,-3751.9324060815597
izmit::terrace_yahyakaptan_2,1,54285.71,50539.73009514567,-3745.979904854328
izmit::deniz_manzarali,1,39400.0,35731.88256241741,-3668.1174375825867
basiskele::tinaztepede,1,48843.28,45175.55057455423,-3667.7294254457665
basiskele::yuz_yapi_dan_deniz_ve_vadi,1,43421.05,39766.33868238463,-3654.7113176153725
kartepe::atakent_evleri_132_ada,1,39987.5,36353.54604333687,-3633.9539566631283
izmit::dunya_bankasi_konutlari_14_ada,1,42941.18,39337.628995508116,-3603.5510044918847
basiskele::yonca_evleri_2,1,41666.67,38118.71121357531,-3547.958786424686
izmit::armadakent_3,3,72652.46333333333,69122.25398943097,-3530.2093439023643
izmit::erenkaya_park,2,50283.25,46783.49600475827,-3499.753995241732
izmit::tuana_evleri_3,11,59083.74181818182,55590.03797567845,-3493.7038425033693
kartepe::atakent_evleri_131_ada,1,35416.67,31932.11470224318,-3484.5552977568186
golcuk::ayse_torunogullari,1,39285.71,35810.66929681238,-3475.0407031876166
karamursel::kardelen,1,29475.0,26032.28755496977,-3442.712445030229
kartepe::aras_gayrimenkulden_fsm_de,1,42857.14,39438.098448863864,-3419.0415511361352
kartepe::atakent_evleri_136_ada,1,40937.5,37561.741316978325,-3375.758683021675
golcuk::olkar_atasehir,2,45792.5,42456.01580087864,-3336.4841991213616
izmit::remax_dream_den_80_kredi_eminevime_uygun,1,41428.57,38098.24921870035,-3330.320781299648
golcuk::metropolitan_grey_effect,2,42926.94,39611.4307281924,-3315.509271807601
basiskele::pera_park,1,38518.52,35205.97338606514,-3312.5466139348573
kartepe::kartepe_kent,5,50117.1,46834.61153356494,-3282.4884664350625
izmit::vera_house_1,3,38588.89,35347.033929367484,-3241.856070632513
basiskele::zeray_perla,16,50309.36125,47113.94861057523,-3195.4126394247714
golcuk::75_yil,1,30000.0,26837.089753410863,-3162.9102465891374
izmit::bagtepe,1,55625.0,52464.534866068505,-3160.465133931495
izmit::tanyildiz_izmit_kurucesme_butik,1,39047.62,35890.7421167001,-3156.8778832999014
golcuk::melisa,1,42857.14,39712.738652293,-3144.4013477069966
izmit::turkoz,2,56742.425,53602.855054401036,-3139.569945598967
izmit::listing_portal_havuz_ve_vadi,1,38888.89,35755.02858966944,-3133.861410330559
izmit::yildiz_konutlari,18,57387.99055555555,54255.143536229494,-3132.8470193260614
izmit::ufuk,2,30916.67,27835.099540468887,-3081.570459531111
golcuk::supark_royal,1,48181.82,45104.48082458578,-3077.3391754142212
izmit::sea_life_41,2,53775.604999999996,50701.83812102555,-3073.7668789744494
golcuk::uplife_topcular,1,43750.0,40677.32111276821,-3072.678887231792
basiskele::orka_life_2,8,50780.725,47708.61672998293,-3072.108270017069
kartepe::sifir,1,42605.63,39600.66371961807,-3004.96628038193
golcuk::yasam,1,25000.0,22011.92794013308,-2988.0720598669213
izmit::ara,1,46315.79,43345.92690177438,-2969.863098225622
basiskele::erguvan_konaklari,2,38013.89,35063.75116435319,-2950.138835646805
izmit::lilyum_park_4,2,54537.035,51619.28294989623,-2917.752050103769
izmit::yildizlar_tepesi,15,52823.433333333334,49908.23946866872,-2915.1938646646163
golcuk::donanma_olkar_vadi,1,32727.27,29830.08615570084,-2897.183844299161
izmit::dogus,1,30740.74,27855.191840910695,-2885.548159089307
izmit::solin_konutlari_1,1,38035.71,35180.445608730886,-2855.264391269113
kartepe::zeray_esil,14,48774.09071428572,45945.09755960873,-2828.993154676984
izmit::asayra_dan_yuvam_akarca,1,42692.31,39871.03553479397,-2821.2744652060283
golcuk::80_ine_kredi_imkamli,1,40526.32,37758.65597376424,-2767.6640262357614
basiskele::panoramakent_1,5,45408.333999999995,42646.20128330392,-2762.1327166960778
basiskele::secret_garden,2,42666.665,39928.03335414203,-2738.6316458579677
izmit::kardelen,1,34950.0,32237.604096398572,-2712.3959036014276
izmit::armonia,4,61051.265,58347.89696890618,-2703.36803109382
izmit::kavanium_833_ada,12,55476.541666666664,52794.469111406564,-2682.0725552600984
izmit::umuttepe_yolu_uzeri,1,54666.67,52031.244535741134,-2635.425464258864
basiskele::manaryuvacik,1,48529.41,45936.192689873686,-2593.217310126318
golcuk::100_yil_bariser,2,46964.285,44375.07867295318,-2589.2063270468134
golcuk::cb_envoy_dan_golcuk_yazlik_ta,1,42045.45,39462.26598233999,-2583.184017660009
golcuk::hisareynde,1,36551.72,34028.502834649684,-2523.2171653503174
kartepe::sudeks_busekent,3,37950.31333333333,35459.543747283,-2490.7695860503322
basiskele::mahall_yuvacik_2,3,43727.6,41337.38035892713,-2390.219641072872
kartepe::meltem,1,35769.23,33381.42471628984,-2387.805283710164
kartepe::rose_garden,1,46575.34,44198.63783972035,-2376.702160279645
basiskele::basiskele_fatih,1,43062.5,40704.11820099013,-2358.3817990098687
golcuk::bayindirlik_kalici_konutlari_539_ada,1,26923.08,24568.558677080153,-2354.521322919849
kartepe::kartepe_ertugrulgazi_havz_hmm_saunli,1,45000.0,42660.74659272183,-2339.253407278171
basiskele::basiskelede_prejtijli,1,35000.0,32660.769112940256,-2339.2308870597444
kartepe::neff_vizyon,1,44615.38,42298.14093419481,-2317.239065805188
izmit::sehr_i_naz,2,46416.665,44103.20445332816,-2313.460546671842
kartepe::a_plus,1,38043.48,35735.930450282765,-2307.549549717238
izmit::bagcesme_modern,7,50755.14,48449.52634739517,-2305.6136526048253
golcuk::rakicioglu,1,27517.24,25234.110991405243,-2283.1290085947585
izmit::yuvam_turgut_toplu,10,36586.914000000004,34310.95612613163,-2275.95787386837
golcuk::balaban_city,2,43620.130000000005,41344.66124809635,-2275.4687519036524
golcuk::golcuk_hisareyn_de,1,31666.67,29424.059118444948,-2242.6108815550506
kartepe::kent_meydaninda_1_99_krediyle,1,43809.51,41577.0772333063,-2232.4327666937024
basiskele::manar_terrace,2,40307.92,38090.4105863171,-2217.5094136829066
basiskele::vizyon_dan_basiskelede,1,48625.0,46415.54513202812,-2209.454867971879
kartepe::dubleks_kent,1,37458.33,35257.8064600254,-2200.5235399746016
basiskele::pasadag_100_yil_parla,1,50000.0,47813.20195260369,-2186.7980473963107
basiskele::marmara_elit_yapi_kooperatifi,1,40347.83,38176.51267500114,-2171.3173249988613
izmit::iztop_park_evleri_831_ada,3,49912.496666666666,47747.93197694896,-2164.5646897177044
izmit::jasmin_country,2,44502.84,42370.35896827784,-2132.4810317221563
golcuk::goztepe,1,33071.43,30955.584832072625,-2115.845167927375
izmit::dunya_bankasi_konutlari_9_ada,1,35263.16,33152.91150156525,-2110.248498434754
basiskele::aydinkent_kalici_konutlari_20_ada,1,34000.0,31901.702563458522,-2098.2974365414775
izmit::ekol_den_karadenizliler_mah_hls_yapi_da,1,40761.9,38675.52410583217,-2086.3758941678316
izmit::green_hill_city,4,50742.815,48662.23774681978,-2080.577253180225
basiskele::caglayan_modern_yuvacik,1,41900.0,39850.212012173724,-2049.7879878262756
basiskele::vira,1,35348.84,33304.559534370754,-2044.2804656292428
basiskele::royal_park,1,35714.29,33679.151178129396,-2035.1388218706052
izmit::cukurbag_mah_guneskent,1,31818.18,29791.160726662158,-2027.0192733378426
izmit::concept_yahyakaptan,1,46285.71,44264.92882424738,-2020.7811757526215
basiskele::yuvacik_pasadag_yesil_vadi,1,41000.0,38983.39507269583,-2016.6049273041717
golcuk::civan_park,1,36944.44,34929.89886374939,-2014.541136250613
basiskele::supark_megaron,1,41319.44,39310.31301204907,-2009.1269879509346
izmit::kavanyum_bagcesme,2,40805.085,38842.80549508563,-1962.2795049143679
basiskele::gokce,1,36475.41,34533.27541854601,-1942.1345814539964
karamursel::altinkent,1,36206.9,34265.91519024447,-1940.9848097555296
izmit::yesilova_konaklari,1,37647.06,35715.87648531073,-1931.18351468927
izmit::tarcanlardan_kurucesmede,1,42941.18,41012.706970304425,-1928.473029695575
kartepe::mercan,2,40416.665,38495.460998679584,-1921.2040013204169
golcuk::ciftlik_mahallesinde,1,36818.18,34919.541119190006,-1898.6388808099946
izmit::yelkent_tetra,4,39168.42,37270.43899416369,-1897.981005836311
golcuk::cb_envoy_golcuk_mh_faralya,1,33544.3,31651.33727655957,-1892.9627234404325
basiskele::atakent_ustpark,1,35625.0,33739.06478072029,-1885.9352192797087
kartepe::kartele,1,44193.55,42315.95680264581,-1877.5931973541956
golcuk::sarayli_kalici_konutlari_182_ada,1,33636.36,31780.033768553465,-1856.3262314465355
basiskele::oksijen_konaklari,3,43522.72666666666,41675.26176112346,-1847.4649055432067
izmit::remax_dream_dunya_bankasi,1,35263.16,33422.90923011584,-1840.2507698841655
basiskele::torpidocular,1,30769.23,28964.09849050249,-1805.1315094975107
basiskele::kredili_dusuk_faiz_yuksek_konforlu,1,50000.0,48200.722183403785,-1799.2778165962154
golcuk::toki,2,33787.88,32025.060977837205,-1762.819022162792
izmit::ates,1,27083.33,25322.561167167212,-1760.7688328327895
basiskele::pasadagi,1,36756.76,35006.24217935101,-1750.5178206489945
izmit::izmitkent_konutlari_3,17,42559.21,40814.723058864765,-1744.4869411352342
golcuk::beyaz_vadi,1,35227.27,33501.535194005104,-1725.7348059948927
izmit::hatipoglu,3,35926.87333333333,34244.69485925648,-1682.178474076849
golcuk::kavanium_2,4,43643.520000000004,41973.31827943657,-1670.2017205634274
kartepe::fsm_mahallesi_nde,1,41034.48,39376.38580710055,-1658.0941928994507
golcuk::revna_life,1,45517.24,43874.56825355051,-1642.6717464494868
izmit::kavanium_bagcesme,1,52777.78,51136.73889638616,-1641.0411036138394
golcuk::kw_arven_den_hisareyn_de_havuzlu,1,33125.0,31498.374129430475,-1626.6258705695254
kartepe::yuksek_kredili_butik,1,44990.91,43371.44410463594,-1619.465895364061
basiskele::erturk,1,42400.0,40789.86334674513,-1610.136653254871
golcuk::bogazici_ihsaniye_1,1,42857.14,41265.73798116695,-1591.402018833047
kartepe::tac_yaprak,1,34800.0,33216.288290522476,-1583.711709477524
izmit::dunya_bankasi_konutlari_24_ada,1,36388.89,34805.58560691019,-1583.304393089813
izmit::kavanium,2,53337.9,51763.03597209,-1574.86402791
kartepe::kartepe_aslanbey_veralife,1,33368.42,31794.504241088773,-1573.9157589112256
izmit::iz_tepe,1,34033.61,32465.246350757367,-1568.363649242634
basiskele::alizepark_city,5,46178.534,44617.79059226955,-1560.7434077304497
basiskele::mona_vadi,1,31276.6,29727.338873649573,-1549.261126350426
golcuk::mahallede,1,34538.46,33019.595529382714,-1518.8644706172854
izmit::armada_kent_5,2,72795.455,71316.28363932308,-1479.1713606769263
golcuk::golcuk_kavanium_2,2,58239.245,56771.99077132062,-1467.2542286793796
izmit::mamikler,1,40434.78,38970.255989519144,-1464.5240104808545
izmit::myra_sitesi_3,6,50248.76666666666,48788.508914129314,-1460.2577525373515
basiskele::tanta_emlak_tan,2,40000.0,38540.15052747943,-1459.849472520571
basiskele::basiskele_de_havuzlu,2,44494.649999999994,43099.508158797275,-1395.1418412027233
izmit::la_vida_park,1,59600.0,58206.99796882992,-1393.0020311700791
kartepe::zeray_effect_kartepe,4,49553.3025,48161.23070906871,-1392.071790931288
basiskele::evimiz_kocaeli,20,47590.9985,46214.47992569894,-1376.5185743010552
izmit::pinar,1,29500.0,28151.871653194754,-1348.128346805246
izmit::mihrimah,1,40166.67,38818.54221514321,-1348.1277848567915
kartepe::kartepe_kent_merkezinde,1,43333.33,42005.67546659241,-1327.6545334075927
basiskele::manar_yuvacik_3,2,40111.365000000005,38788.60488594332,-1322.7601140566767
golcuk::mercan_bagkent,4,29986.37,28680.4283365418,-1305.9416634581958
golcuk::mavi_sehir,15,35762.992666666665,34465.61352688508,-1297.3791397815874
basiskele::altinkent_kalici_konutlari_3_ada,1,32083.33,30814.91643551908,-1268.4135644809212
izmit::bagcesmede,2,51760.565,50506.53222138692,-1254.0327786130802
kartepe::pasapark_evleri_12,1,34027.78,32780.08532901596,-1247.6946709840413
izmit::myra_3,1,51866.67,50636.42182912705,-1230.2481708729465
basiskele::basiskele_de_butik,1,41903.23,40673.254166948864,-1229.9758330511395
izmit::myra_2,1,56862.75,55632.85784888509,-1229.8921511149092
izmit::solin,3,37499.51,36272.29319047156,-1227.2168095284385
izmit::kurucesme,1,31818.18,30594.76914062444,-1223.410859375559
izmit::ten_yuvam_akarca,1,36666.67,35481.29959190768,-1185.3704080923198
basiskele::yuvacik_kalici_konutlari_1_ada,1,34347.83,33179.89706883843,-1167.932931161573
izmit::vista,2,34057.11,32925.65759108743,-1131.4524089125698
basiskele::platinium,1,36176.47,35049.46797892936,-1127.0020210706425
basiskele::kullar_yaylacik_mahallesi,1,54780.82,53654.55165051778,-1126.2683494822195
izmit::kiptas_cinar,6,44028.40666666667,42910.10970467622,-1118.2969619904434
golcuk::yakamoz,1,30800.0,29733.46776094273,-1066.5322390572692
golcuk::vadi_degirmendere,9,43848.276666666665,42795.68772066364,-1052.5889460030294
izmit::kavanium_evleri_819_ada,2,53621.795,52588.521956476245,-1033.2730435237536
kartepe::anadolu,1,34709.68,33690.241365734015,-1019.4386342659855
kartepe::bahcekent_konutlari,1,31666.67,30651.30935511297,-1015.3606448870269
golcuk::remaxcakra_omer_onayci_dan,1,39166.67,38152.31776940389,-1014.3522305961087
izmit::menekse_yasamkent,1,74193.55,73185.95975097995,-1007.5902490200533
izmit::yuvam_akarca,12,37640.839166666665,36665.66504976646,-975.1741169002058
golcuk::golcuk_ihsaniye_balaban_yasam,1,45112.78,44167.903388171064,-944.876611828935
kartepe::ena_gayrimenkulden_kartepe_s_royal2,1,48000.0,47067.80656898038,-932.193431019623
basiskele::mamik_reform,8,46433.6575,45514.407400261654,-919.2500997383459
golcuk::yakamos,1,36190.48,35281.293786774535,-909.1862132254682
izmit::turkoz_insaat_plajyolu_bozdag,2,62805.535,61902.064677726856,-903.4703222731441
izmit::mk_teras,2,47500.0,46599.78041135668,-900.2195886433146
izmit::vesta_park,6,45119.29,44237.20681800531,-882.0831819946894
kartepe::kartepe_atakent,1,34944.44,34068.40392820815,-876.036071791852
kartepe::kartepe_elizan,1,37142.86,36271.861285394654,-870.9987146053463
izmit::asrin,1,38695.65,37853.637597433335,-842.0124025666664
izmit::dunya_bankasi_konutlari_18_ada,1,35555.56,34735.5391297886,-820.020870211396
kartepe::kartepe_fsm_de,3,41951.65666666667,41155.18680306535,-796.46986360132
golcuk::bagkur,1,26000.0,25206.24739912465,-793.7526008753484
basiskele::terra_nova,3,45337.996666666666,44553.63242258286,-784.3642440838133
izmit::golden_park,5,38393.92,37611.28596605514,-782.634033944858
golcuk::kavanium,7,43394.892857142855,42618.48928237066,-776.4035747721989
golcuk::demet,1,22692.31,21936.746819953623,-755.563180046378
izmit::yuvam_akarca_evleri_3_ada,1,40909.09,40167.69488495886,-741.3951150411376
kartepe::sudeks_buse_kent,1,39285.71,38545.00251099935,-740.7074890006479
golcuk::orcun_manzara,1,39666.67,38940.057510894025,-726.6124891059735
kartepe::aykent,1,29571.43,28845.014929079975,-726.4150709200258
golcuk::yildizevler,1,26041.67,25353.17798764463,-688.4920123553675
izmit::ugur,1,29090.91,28461.617005965087,-629.2929940349131
basiskele::manar_yuvacik,2,40638.57,40014.36852887881,-624.201471121185
kartepe::ritim_kartepe,2,43056.295,42456.533149605,-599.7618503949998
kartepe::tuana,3,36056.329999999994,35465.367506984076,-590.9624930159238
golcuk::toki_sivritepe,7,38845.57857142857,38275.61054596447,-569.9680254640983
basiskele::kucuk_yali,1,45145.63,44577.301440179326,-568.3285598206712
izmit::kent_konutlari_3,3,41993.46333333333,41433.424155660534,-560.0391776727969
izmit::lilyum_park_3,1,39285.71,38727.56030598867,-558.1496940113284
izmit::listing_portal_temiz_kullanisli,1,41400.0,40844.61045462068,-555.389545379323
basiskele::ceneviz_adalari,2,48076.925,47562.72000685139,-514.2049931486072
kartepe::kartepe_serender_park,1,30937.5,30441.178002225257,-496.32199777474307
basiskele::yuvacik_ta_prestijli,1,35714.29,35233.350828108436,-480.9391718915649
izmit::tepekoy_toki_konutlari_191_ada,1,43750.0,43299.00067044112,-450.99932955887925
basiskele::gun_isigi,1,35652.17,35208.91683263781,-443.2531673621852
golcuk::doga,2,31298.465,30886.951549647507,-411.51345035249324
kartepe::gate_41_masukiye,6,46507.635,46110.86024522546,-396.7747547745312
basiskele::ozemsan,1,34583.33,34191.51899360276,-391.8110063972417
kartepe::sudeks_dorukkent_sitesi_2,4,37820.835,37479.249678716114,-341.5853212838865
basiskele::zeray_kent,4,43695.175,43361.36653349025,-333.8084665097522
golcuk::tolga,2,20751.22,20418.902058235974,-332.31794176402764
kartepe::emar_delux,6,42573.590000000004,42247.054055777735,-326.5359442222616
golcuk::sirinkoy_kalici_konutlari_4_ada,1,33222.22,32899.45889847206,-322.7611015279399
missing,4635,36674.8441574973,36352.16469642072,-322.67946107658713
kartepe::adesa,1,36423.84,36106.478328602825,-317.36167139717145
golcuk::sengun,2,24589.29,24288.570588311668,-300.7194116883311
golcuk::cumhuriyet,2,21666.67,21375.369198188197,-291.30080181180165
kartepe::onur,1,29615.38,29336.95241262475,-278.4275873752522
basiskele::yakamoz_konutlari,8,41078.125,40808.089566470866,-270.0354335291331
kartepe::deallife_dan_hasanpasada_butik,1,35714.29,35464.61571674727,-249.67428325273067
kartepe::480,14,45569.392857142855,45330.23809078152,-239.15476636133567
golcuk::golcuk_degirmendere_metropolitangreyeffect,1,39052.63,38817.15421712197,-235.47578287802753
basiskele::armoni_2,1,49583.33,49356.79590280784,-226.53409719216143
kartepe::tuana_evleri_1,3,39064.10333333333,38867.31573844914,-196.7875948841914
izmit::lilyum_park_2,1,51428.57,51243.434039691034,-185.13596030896588
izmit::mira,3,42522.323333333334,42340.06881774195,-182.2545155913831
basiskele::akademik_elit_park,4,46173.075,46002.60343065775,-170.47156934225495
izmit::dunya_bankasi_konutlari_17_ada,1,36111.11,35953.890173510474,-157.2198264895269
basiskele::cb_mark_tan_vadi,1,46250.0,46094.35191363894,-155.64808636106318
basiskele::kirazli_kent,10,33006.297999999995,32854.240079817464,-152.05792018253996
karamursel::onurkent,1,37857.14,37710.400154762465,-146.7398452375346
izmit::akcakoca,10,29751.53,29609.31196352435,-142.21803647564812
izmit::lavinya_park,1,50833.33,50691.658675548846,-141.67132445115567
golcuk::degirmendere_ervatan,1,24964.29,24831.196480932867,-133.09351906713346
kartepe::new_life_kartepe,1,43333.33,43230.179714873244,-103.15028512675781
basiskele::altin_vadi,16,33215.22875,33115.467913385975,-99.76083661402481
golcuk::hasdayi,3,27948.066666666666,27859.936985759898,-88.12968090676561
kartepe::eksioglu_kardelen,6,30409.288333333334,30336.756111071412,-72.53222226192399
golcuk::dadaslar,1,24074.07,24051.371915668722,-22.69808433127764
izmit::kavanya_koru_sitesi,29,46929.59620689655,46915.51542973503,-14.080777161523594
izmit::izmit_kavanium_sitesi,2,48621.055,48610.21296279966,-10.842037200338382
izmit::yuvam_akarca_evleri_6_ada,1,38476.19,38475.80130372628,-0.38869627372332616
basiskele::ustgrup_mezire,8,43967.52125,43972.94191182272,5.420661822725378
izmit::kurucesmede,1,34444.44,34474.95104656117,30.51104656116513
basiskele::ust_park_yuvacik,3,34222.06,34262.59985284483,40.539852844830115
basiskele::royal_city_akkurt,11,38002.89363636364,38049.23610243982,46.34246607618446
basiskele::ustpark_yuvacik,2,42667.46,42718.48275863988,51.02275863988325
izmit::sepetci_toki,8,41612.43375,41680.348899177996,67.9151491779985
kartepe::yelkent_vaha,5,43298.082,43366.17922121002,68.09722121001542
izmit::yeseren,1,36111.11,36187.1212662476,76.01126624760218
kartepe::kartepe_fsm_kent,1,46875.0,46959.75674375017,84.75674375017115
izmit::yesilova_park,1,38636.36,38734.77203239864,98.41203239864262
basiskele::listing_portal,1,38823.53,38965.0846937674,141.55469376740075
basiskele::durupark,1,41739.13,41881.04589612619,141.91589612619282
golcuk::full_tadilatli_17000tl_kiracili,1,22307.69,22460.904727588353,153.21472758835444
kartepe::kartepe_kent_meydaninda,4,46495.1,46657.435691501836,162.33569150183757
izmit::guney_park_cayirkoy,2,48750.0,48917.05352609205,167.05352609205147
basiskele::lotus_mahza,2,43876.78999999999,44049.7386994729,172.948699472905
izmit::izmitkent_konutlari_2,9,37707.81888888889,37884.02021047642,176.2013215875312
basiskele::royal_country,11,43914.946363636365,44099.332888160956,184.38652452459658
golcuk::nida_torunogullari,1,30270.27,30461.8597673029,191.58976730289942
izmit::toki_arizli,47,32215.659361702128,32413.13417246947,197.47481076733746
golcuk::cakiroglu_prestij_park,1,30357.14,30556.256619828233,199.11661982823352
izmit::huzur,1,42962.96,43164.0373308049,201.07733080490289
golcuk::balaban,1,37750.0,37951.43704551756,201.43704551755945
kartepe::kartepe_konutlari_2,5,36876.066,37079.78367845471,203.7176784547133
kartepe::sehri_elizan_evleri_2,1,42777.78,42981.608833907936,203.82883390793722
izmit::feza,2,24073.075,24278.018762710286,204.94376271028523
izmit::kent_konutlari_2,9,38239.07,38452.3690957032,213.299095703202
golcuk::seval,1,30588.24,30823.471807732705,235.2318077327036
kartepe::mahal_kartepe,17,51316.10882352941,51559.244536807295,243.13571327788455
izmit::bayindirlik,3,34581.816666666666,34828.16613611168,246.34946944501039
kartepe::guldeste_sitesi_5,1,34454.55,34702.79282829449,248.2428282944893
izmit::izmitkent_konutlari_5,10,40985.747,41248.1858695874,262.43886958740404
kartepe::son_kartepe_fsm_akev,2,47472.22,47737.93528768237,265.7152876823675
izmit::akkonak,1,41818.18,42123.71622468948,305.53622468948015
kartepe::dubleks,1,33125.0,33457.780517055726,332.7805170557258
golcuk::azra_6,2,37973.119999999995,38309.83464135708,336.71464135708084
golcuk::olkar_vadi,1,35405.41,35766.031900584,360.62190058399574
golcuk::sarayli,1,30454.55,30817.6331822176,363.08318221760055
golcuk::sirinkoy_toki,1,34726.32,35101.594743911584,375.27474391158466
kartepe::on_cephe,1,40625.0,41042.57904188121,417.5790418812103
golcuk::yalik_mahallede,1,34375.0,34804.62078007033,429.6207800703269
basiskele::yesilyurt,2,40285.92,40721.201478820556,435.2814788205578
basiskele::ust_park_atakent,2,37931.035,38375.42636656395,444.39136656395203
izmit::cayirkoy_premiumda,1,50740.74,51226.78642029177,486.04642029177194
izmit::merdoglu,1,23636.36,24136.65745405279,500.2974540527903
golcuk::piyalepasa_da,1,29032.26,29542.693384217106,510.43338421710723
izmit::vadi_izmit_sitesi,8,33596.0,34111.50150243014,515.5015024301415
basiskele::mavi_yesil_park,4,30489.9125,31005.443220472094,515.5307204720948
izmit::saray,1,38750.0,39274.81394027574,524.813940275737
basiskele::yesilkent_kalici,3,31097.22,31623.42930006068,526.2093000606789
basiskele::altinkent_kalici_konutlari_5_ada,1,30833.33,31370.096111260133,536.7661112601309
izmit::kent,6,33552.895,34101.10275963633,548.2077596363275
izmit::ogretmenler,4,27346.32,27903.29117093635,556.971170936351
golcuk::sivritepe_denizevler_toki,1,40000.0,40570.057836453234,570.0578364532339
izmit::dorukkent,7,35915.0,36488.664101873044,573.6641018730433
basiskele::boyunegmez_yasam,1,35384.62,35974.07639624794,589.4563962479369
karamursel::bagdat,1,37500.0,38092.44786999958,592.4478699995816
izmit::tavsantepe_toki,4,28808.335,29420.427166898826,612.0921668988267
kartepe::hasanpasa_mahallesinde_butik,1,38684.21,39303.8499388654,619.6399388654027
basiskele::cadde_53,1,31176.47,31878.87994863567,702.4099486356681
kartepe::kartepe_fatih_sultan_mehmet_mh_havuzlu,1,43400.0,44107.27751526757,707.2775152675677
kartepe::kartepe_ataevler_mahallesinde,1,28928.57,29636.709053377846,708.1390533778467
izmit::maykon_smart_plus,6,46954.331666666665,47667.00197400554,712.670307338878
kartepe::cadde_i_kubra,1,35625.0,36345.414605890706,720.4146058907063
kartepe::doga_kent,5,24207.144,24946.48567256124,739.3416725612435
basiskele::bahcekent_konutlari,20,34568.7525,35343.22132649318,774.468826493179
izmit::kavanium_832_ada,4,51662.425,52437.77194170543,775.3469417054293
basiskele::duru_park,3,39274.973333333335,40054.935249350674,779.9619160173437
basiskele::esila_park,5,41407.166,42196.22461994337,789.0586199433761
izmit::dunya_bankasi_konutlari_23_ada,1,36470.59,37262.19918477203,791.6091847720309
izmit::dunya_bankasi,2,35235.295,36051.917485372585,816.6224853725889
izmit::eskidjiden_iztop_park,1,51923.08,52771.4756404919,848.3956404919008
basiskele::venedik,1,33571.43,34425.70632757332,854.2763275733232
kartepe::pasa_park_evleri_12,2,39402.354999999996,40261.27882604737,858.9238260473685
basiskele::ustpark_afraze,10,40609.077000000005,41477.715463369444,868.6384633694433
izmit::sekbanli_toki,16,35896.39,36771.07368053502,874.6836805350144
basiskele::helin,3,36592.049999999996,37526.96141304005,934.9114130400558
izmit::iztop_park,5,48921.658,49859.441053888746,937.7830538887458
basiskele::aydinkent_kalici,1,30909.09,31850.33633770146,941.246337701461
golcuk::ozgururkent,2,38305.555,39267.849085685026,962.2940856850255
izmit::dunya_bankasi_konutlari_21_ada,1,38888.89,39876.24719321502,987.3571932150226
kartepe::karcity,6,53771.90166666667,54759.94621177728,988.0445451106074
izmit::dostluk_6,1,28148.15,29183.852964162426,1035.702964162425
basiskele::altinkent,1,36153.85,37204.735155258226,1050.8851552582273
izmit::sifir_sirintepe_sea_life,1,47916.67,48972.70911616634,1056.0391161663429
izmit::gundogdu_kalici,1,34800.0,35869.97777491338,1069.977774913379
kartepe::forum_anatolia,12,34572.379166666666,35660.90974898924,1088.530582322572
izmit::gundogdu_bayindirlik_konutlari_6_ada_huzur,1,33325.0,34423.14148306127,1098.1414830612703
basiskele::seyri_vadi,3,41342.27333333334,42480.94123619056,1138.6679028572325
kartepe::son_kartepe_fsm,1,46842.11,47990.65178378274,1148.5417837827408
basiskele::aydinkent_kalici_konutlari_19_ada,1,30454.55,31611.047833352444,1156.497833352445
kartepe::boutique_kartepe,1,38541.67,39717.069364947805,1175.399364947807
basiskele::zeray_gunesi,28,42480.92035714286,43665.493171963506,1184.5728148206551
kartepe::sudeks_dorukkent_sitesi_1,4,34502.59,35711.84850174408,1209.2585017440833
basiskele::megatron_azize,4,40173.2275,41383.775993814335,1210.5484938143381
izmit::dunya_bankasi_konutlari_2_ada,1,37222.22,38436.18312895433,1213.9631289543322
basiskele::yesilyurtda,1,42500.0,43724.558671999854,1224.5586719998537
kartepe::butik,4,36624.8225,37914.693485118216,1289.8709851182193
basiskele::aurapark,4,39201.3875,40496.805012862154,1295.4175128621537
kartepe::atakent_evleri_142_ada,2,32222.22,33532.54835496363,1310.3283549636253
golcuk::ervatan,2,26974.355000000003,28284.925872876738,1310.5708728767368
kartepe::modern_2,3,33574.85333333333,34892.887210009394,1318.0338766760615
kartepe::derin_den_ert_gazi_mah,1,37181.82,38501.218889550866,1319.3988895508664
kartepe::arslanbey_atakent,1,32777.78,34101.79419410639,1324.014194106392
basiskele::alacati_dan_yaylacik_mh_de_havuzlu,1,43571.43,44898.957853933025,1327.5278539330247
kartepe::kartepe_aslanbey_vera_life,1,30526.32,31864.144460375403,1337.8244603754029
golcuk::topcularda_havuzlu,1,39531.25,40905.52569067468,1374.27569067468
basiskele::vadi_yuvacik,1,37142.86,38528.1257692594,1385.2657692594003
golcuk::azat_park,1,40000.0,41395.374806669366,1395.374806669366
golcuk::torunogullari,1,29591.84,30989.814082611272,1397.974082611272
kartepe::hursoy_behcelievler,1,35227.27,36629.585113368026,1402.3151133680294
kartepe::garden_kartepe_2,1,36875.0,38304.871426848884,1429.8714268488839
kartepe::konak,3,32526.816666666666,33957.56041433245,1430.7437476657858
basiskele::zeraykent_yuvacik,7,39558.05285714286,40993.10239388706,1435.0495367441933
basiskele::yuvana_evleri,12,31965.5475,33405.833336391974,1440.2858363919706
kartepe::capediem_kartepe,1,42500.0,43940.78379560434,1440.7837956043368
izmit::toki_cedit_mahallesi,1,51136.36,52620.41784518461,1484.0578451846086
izmit::dunya_bankasi_sitesi_30_ada,1,34476.19,35965.92612643368,1489.7361264336796
kartepe::kartepe_fsm_de_havuzlu_guvenlikli,1,37321.43,38816.476982597,1495.0469825969994
golcuk::olkar_safir,2,38406.415,39914.56614877748,1508.1511487774806
kartepe::bariskent,1,38000.0,39540.25646798175,1540.2564679817515
basiskele::yuksek_giris_butik,1,35000.0,36542.3916416764,1542.3916416763968
basiskele::emar_delux_yuvacik,4,38135.775,39704.75060569657,1568.9756056965725
kartepe::ataevlerde,1,37347.83,38957.84557175494,1610.015571754935
izmit::kvs_royal,1,52500.0,54128.12115503912,1628.1211550391236
izmit::ozgur,4,25022.765,26662.540220471434,1639.7752204714325
golcuk::ilica_evleri_3,2,27663.394999999997,29314.84856474604,1651.4535647460416
basiskele::kullar_tepecik_de,1,38952.38,40611.150021334994,1658.7700213349963
golcuk::sehri_torunoglu,4,36708.475,38367.41101025039,1658.936010250387
kartepe::acill_deallife_dan_ataevlerde,1,26821.43,28498.007136914362,1676.5771369143622
izmit::kavanya_koru,11,46757.87,48451.43668083648,1693.5666808364729
kartepe::empire_house,1,44474.03,46170.682729270025,1696.6527292700266
izmit::evedin_yuvam_akarca_orkide,1,33750.0,35458.56664360909,1708.5666436090905
izmit::kavan_life_gundogdu,3,44191.03333333333,45901.252876908045,1710.21954357471
basiskele::fatih_mah,1,28275.86,29991.168304602652,1715.3083046026513
izmit::tepekoy_de_butik,1,34500.0,36225.36025342128,1725.3602534212769
basiskele::yuvacik_kalici_konutlari_2_ada,2,32663.635000000002,34392.94673054188,1729.31173054188
kartepe::beykoz_evleri_1,7,35310.368571428575,37047.20730804465,1736.8387366160755
izmit::mega,4,42879.7475,44630.840952237384,1751.093452237381
golcuk::golcuk_balaban_mimoza_kent,1,29375.0,31143.021881474426,1768.0218814744258
kartepe::mrs_konaklari,1,41578.95,43348.085647459215,1769.1356474592176
karamursel::bahcelievler,1,31666.67,33448.74208380329,1782.072083803294
izmit::dunya_bankasi_konutlari_27_ada,1,35111.11,36899.420731511564,1788.310731511563
basiskele::rose_garden,2,35959.6,37751.68947868972,1792.0894786897188
kartepe::ertugrulgazi_bluepark,1,40476.19,42286.48967346013,1810.2996734601256
golcuk::palmiye,1,40357.14,42179.448629734354,1822.3086297343543
izmit::kavan_try,1,47916.67,49761.72230839553,1845.052308395534
basiskele::hanzade_palace,1,36131.39,37989.84628556826,1858.4562855682598
golcuk::degirmendere_de,1,20000.0,21872.740521067826,1872.7405210678262
golcuk::true_life,6,26373.920000000002,28251.535605553985,1877.6156055539814
izmit::golkent_turkuaz,6,39331.166666666664,41214.69220567833,1883.5255390116643
golcuk::sirinkent_kalici_konutlari_30_ada,2,30944.445,32834.108639954386,1889.663639954384
basiskele::clover_premium,1,42812.5,44721.259269156464,1908.7592691564641
izmit::akarca,1,38266.67,40178.076706894295,1911.4067068942968
izmit::humeyra_park,5,45000.0,46912.500812958264,1912.5008129582625
kartepe::dorukpark,7,37521.06857142857,39474.13398807011,1953.0654166415427
izmit::diamond_prestige_2,11,48636.26363636364,50595.735476397866,1959.4718400342338
izmit::balabani,1,27083.33,29057.9093039859,1974.5793039858982
izmit::pirelli,1,35384.62,37374.22474602453,1989.6047460245245
basiskele::yakut_konaklari,2,35731.979999999996,37773.786781546485,2041.8067815464892
izmit::balaban_yuksel,2,25434.78,27487.725522415967,2052.9455224159683
karamursel::karamursel_park,1,25909.09,27983.334684628775,2074.244684628775
kartepe::hasanpasa_butik,1,39473.68,41561.156929781224,2087.4769297812236
kartepe::kartepe_cadde_life,2,38029.56,40117.190527237886,2087.630527237885
golcuk::versay_yamac_evler,2,34241.495,36335.3387843392,2093.843784339193
kartepe::kartepe_de_manzarali,1,32121.21,34232.1046404201,2110.894640420098
izmit::armadakent_5,3,67272.00666666667,69387.8245782559,2115.8179115892344
kartepe::korhandan_kent,1,31818.18,33956.39835486129,2138.2183548612884
golcuk::1sifir,1,35185.19,37334.08084663334,2148.890846633338
basiskele::yuvacik_kalici_konutlari_10_ada,1,27333.33,29489.249039664486,2155.9190396644844
izmit::tuana,7,48632.60571428571,50800.02815753727,2167.422443251555
kartepe::atakoy,1,31120.0,33292.332609706864,2172.332609706864
golcuk::topcular_da,1,37226.28,39399.88585359001,2173.6058535900083
kartepe::kartepe_de_havuzlu,2,40112.979999999996,42300.67837704062,2187.698377040615
golcuk::ocak,2,24741.665,26932.60808333366,2190.9430833336573
izmit::nikomedya_deniz,1,48666.67,50858.58023129204,2191.910231292044
basiskele::mamik_life,2,41660.08,43865.51863697649,2205.4386369764943
izmit::art_yapi_elit_park,1,39212.33,41425.29143597545,2212.9614359754487
izmit::zafira,1,42333.33,44551.02144814485,2217.6914481448475
izmit::yahya_kaptan,10,48395.797999999995,50614.73498617041,2218.936986170417
golcuk::ema_emlak_karakopru_vip,1,34000.0,36220.57736231106,2220.577362311058
kartepe::kartepe_kosekoy,1,36000.0,38237.92998124213,2237.9299812421305
izmit::jasmine_country,13,40305.308461538465,42564.25264429143,2258.944182752976
golcuk::kardelen,1,20833.33,23095.818532973375,2262.4885329733734
basiskele::cb_mahall_den_tinaztepede,1,31750.0,34037.317682910594,2287.317682910594
golcuk::bahce_dubleks,1,30740.74,33064.85258526138,2324.1125852613804
basiskele::barbaros_mh,1,42253.52,44579.38478617587,2325.8647861758727
izmit::cepni_up_town_evleri_2,2,42878.79,45206.72827024975,2327.938270249746
izmit::toki_konutlari_185_ada,1,36560.0,38904.87967975738,2344.8796797573814
izmit::zorlu,2,23363.095,25770.13104003023,2407.0360400302325
basiskele::sembol_kent,5,34497.23,36910.9249568224,2413.694956822392
izmit::plaj_yolu_sea_life,1,50526.32,52956.85717302023,2430.5371730202314
golcuk::cb_envoy_ihsaniye_de,1,28888.89,31336.345623084824,2447.4556230848248
basiskele::pasadag_mah_full_deniz_manzarali,1,46470.59,48927.30310706317,2456.713107063173
basiskele::kuba,1,28461.54,30925.9279192997,2464.3879192996974
izmit::mk_royal,3,53974.36000000001,56441.62906114043,2467.269061140425
basiskele::marmara_elit,3,32854.166666666664,35343.04321215754,2488.8765454908767
izmit::remax_dream_den_plaj_yolunda,1,45833.33,48360.789777130936,2527.4597771309345
basiskele::basiskele_de,3,35870.10666666667,38411.3288687694,2541.2222021027314
izmit::normcity,2,41749.994999999995,44329.7944527774,2579.7994527774026
golcuk::firtina,1,25000.0,27620.683631187887,2620.683631187887
golcuk::menekse_park,1,30937.5,33563.6938019253,2626.1938019252993
izmit::liya,1,50000.0,52632.472251095794,2632.4722510957945
golcuk::degirmendere_merkezi_konum_evim_kent,1,19200.0,21864.40999267946,2664.409992679459
basiskele::yuvacik_vadi,3,35118.28,37796.108741396296,2677.828741396297
izmit::onur_siteleri,1,22857.14,25535.869235600207,2678.729235600207
golcuk::sehitler_mah_vgm,1,26250.0,28936.335712449858,2686.335712449858
karamursel::karamursel,1,41555.56,44242.86138959464,2687.3013895946424
golcuk::demirsoy,3,20230.93,22918.742765411498,2687.8127654114965
golcuk::bogazici_3,1,30967.74,33663.19355313819,2695.453553138188
izmit::baris_sitesi_2,1,25518.52,28236.599066911673,2718.0790669116723
izmit::burcin,2,28532.02,31270.079093046974,2738.0590930469734
kartepe::guldeste_sitesi_2,1,30588.24,33330.22147661673,2741.981476616729
basiskele::doga,3,34362.92,37127.29061711428,2764.3706171142853
kartepe::ekomaxdan_sinirsiz_kredi_asansoru,1,31875.0,34646.694116336694,2771.6941163366937
basiskele::aydinkent,1,27727.27,30521.935963258256,2794.665963258256
golcuk::ema_emlak_karakopru_mah_vip,1,39473.68,42272.872211796624,2799.192211796624
golcuk::ara_sifir,1,35416.67,38229.02906159607,2812.359061596071
izmit::cef_city_golpark,2,39243.97,42057.05545439973,2813.085454399723
golcuk::akyuz,1,33333.33,36150.03021889521,2816.70021889521
golcuk::ovunc,1,33178.57,35997.67460102842,2819.104601028419
izmit::anadolu,3,25666.666666666668,28521.925185076787,2855.2585184101176
golcuk::kurtulus,3,23993.046666666665,26875.693845647373,2882.6471789807074
izmit::saray_evleri_anemon,7,64782.892857142855,67666.23201404892,2883.339156906055
basiskele::altinkent_kalici_konutlari_6_ada,1,28695.65,31580.428175175017,2884.7781751750153
golcuk::muhammet_ali_torunogullari,1,36538.46,39436.138078308904,2897.6780783089052
golcuk::deniz_as,3,18454.546666666665,21364.484391424252,2909.9377247575867
basiskele::cb_envoy_dan_yesilyurt_mah,1,35344.83,38268.56506470723,2923.735064707231
golcuk::subasi,1,35789.47,38714.7466877695,2925.2766877694958
basiskele::kardelen,2,34598.715000000004,37535.714508805715,2936.999508805713
izmit::vega,1,56666.67,59673.46965136519,3006.7996513651888
kartepe::sultan_mehmet,1,39040.0,42047.26028527791,3007.260285277909
golcuk::sarayli_kalici_konutlari_181_ada,1,29200.0,32224.724150072125,3024.7241500721248
karamursel::genc_alp,1,31363.64,34417.17598696068,3053.5359869606837
basiskele::my_yaka,4,33464.6475,36529.15583799402,3064.508337994018
izmit::iremkent,2,21331.910000000003,24420.920406258854,3089.0104062588507
izmit::avlu,1,71052.63,74146.89566882886,3094.2656688288553
izmit::vadi_izmit,5,36223.547999999995,39318.10374485288,3094.555744852884
kartepe::saglik_kent,4,45302.55,48413.901692948086,3111.3516929480866
basiskele::akasya_modern,2,28847.22,31991.829794640347,3144.609794640348
izmit::erdagi,1,55913.98,59079.260483636346,3165.280483636343
golcuk::uydu_kent,1,26071.43,29248.677959371234,3177.247959371234
izmit::doga_park,3,34903.456666666665,38109.20263643872,3205.7459697720574
izmit::golkay_star_life,1,32922.08,36133.76460463667,3211.68460463667
kartepe::kamelya,2,27518.475,30749.905092342167,3231.430092342167
kartepe::1_99_kredi_fsm_de_butik,1,30593.75,33840.886971344386,3247.1369713443855
golcuk::sirinkent_kalici_konutlari_15_ada,1,27900.0,31157.3662935349,3257.3662935348984
basiskele::iskar_elit_kent,4,33724.18,36998.87055922115,3274.6905592211488
izmit::anakent,2,35434.03,38728.89068892932,3294.8606889293224
izmit::alan_park,5,35954.047999999995,39258.448724584196,3304.400724584192
basiskele::yusra,1,28000.0,31312.662643627762,3312.662643627762
izmit::up_town_evleri_1,2,42896.55,46263.011246559436,3366.4612465594364
golcuk::ihsaniye_de,1,40555.56,43923.609506923705,3368.0495069237077
karamursel::gazanferkent_konaklari,10,29375.291999999998,32775.85101157084,3400.559011570839
izmit::tam_gun,3,42806.26666666667,46221.16999167487,3414.903325008209
basiskele::barbaros_mah,1,30962.34,34378.94493940226,3416.6049394022593
basiskele::barbaros_mahallesinde,1,37711.86,41134.76914903654,3422.909149036539
izmit::kavan_life,1,43750.0,47177.005511342126,3427.005511342126
izmit::loca_bagcesme,1,44117.65,47580.50328005569,3462.853280055686
izmit::cumhuriyet,1,28454.55,31931.598482091085,3477.048482091086
kartepe::mona_vadi,2,32202.54,35700.2656721652,3497.7256721652047
basiskele::elitium_trio,5,36959.524,40482.271349182,3522.7473491820065
izmit::belediye_memurlar,1,23333.33,26864.715806854892,3531.3858068548907
izmit::karpay,1,57894.74,61453.113163587404,3558.3731635874065
basiskele::bahama,2,40054.945,43643.530259089326,3588.5852590893264
kartepe::dosteller,2,36041.665,39634.48420802184,3592.8192080218396
izmit::ozyapi,1,21583.33,25189.899193738285,3606.5691937382835
kartepe::krediye_eminevime_uygun_butik,1,41990.0,45601.545820636566,3611.5458206365656
izmit::kurucesme_deniz_manzarali,2,32157.405,35777.36566394096,3619.9606639409594
izmit::arizli_toki,1,29230.77,32856.1161439868,3625.3461439868006
kartepe::k_h_eksioglu_insaat_limited_sirketi,2,25687.5,29353.40387403684,3665.9038740368414
kartepe::mk_konsept_1,1,35632.18,39341.01319244363,3708.833192443628
izmit::celik_ay_dan_yesilova_zumra,1,41444.44,45169.74176363318,3725.301763633179
basiskele::dream_gardens,2,30719.21,34445.75140559887,3726.541405598875
golcuk::torunogullari_ormania,1,28092.7,31845.67575308273,3752.97575308273
izmit::akcakoca_universite,1,29130.43,32951.7394939957,3821.309493995701
izmit::natural,1,49615.38,53448.95903225265,3833.579032252652
kartepe::kartepe_ataevler,1,34166.67,38081.905815768216,3915.2358157682174
golcuk::bati_mercan,1,20384.62,24303.3504774214,3918.7304774214026
golcuk::beyaz_saraylar,1,36250.0,40175.681656934044,3925.6816569340444
izmit::plajyolunun_en_prestijli,1,51200.0,55140.07855702644,3940.0785570264416
karamursel::d_kent,1,46875.0,50825.07774677041,3950.07774677041
basiskele::dongelde,1,30774.19,34743.45666959364,3969.2666695936387
kartepe::meridyen_elite,1,38141.03,42240.37431157432,4099.344311574321
kartepe::ertugrulgazi_de,1,41666.67,45774.01923593883,4107.349235938833
izmit::mimkon_yasam,3,36025.64,40150.04783161499,4124.407831614985
basiskele::torunogullari_park_2,1,29679.14,33836.922161501454,4157.7821615014545
basiskele::kullar,1,35925.93,40130.895720415836,4204.965720415836
golcuk::toksoylu,1,26315.79,30525.220408315043,4209.430408315042
golcuk::sokkk_fiyat_ihsaniye_merkez_de,1,33333.33,37567.555814019615,4234.225814019614
golcuk::zumrut_evler,1,21296.3,25546.17805169283,4249.878051692831
kartepe::kartepe_meridyen,1,26255.17,30522.286794647018,4267.11679464702
kartepe::cinar,2,37338.71,41621.41100406884,4282.7010040688365
izmit::akdora,1,36428.57,40730.24936676599,4301.679366765988
basiskele::ritim_vadi_evleri,4,33227.01,37532.861545247775,4305.851545247773
basiskele::polen_park,1,26428.57,30755.929809654248,4327.359809654248
kartepe::kartepe_de,2,34750.0,39090.33973043684,4340.339730436837
basiskele::reyhan,1,31600.0,35943.93437262667,4343.934372626667
izmit::onur,1,22500.0,26849.031260503394,4349.031260503394
izmit::emniyetciler,3,24629.63,28983.804744761375,4354.174744761373
karamursel::remax_kanyon_dan_vadi,1,32071.43,36451.91821758296,4380.4882175829625
izmit::armadakent_4,1,66428.57,70819.45050896113,4390.880508961127
kartepe::zeray_mahal_kartepe,4,50075.175,54499.16308092102,4423.988080921019
basiskele::yaylacik_mh_de_havuzlu,1,46333.33,50782.58716311224,4449.257163112241
basiskele::may_kent_2,2,29105.605,33576.4565329397,4470.851532939701
izmit::yuvam_akarca_evleri_7_ada,1,37500.0,41977.165938531325,4477.165938531325
kartepe::mk_elegance,2,40487.725,44974.58935996676,4486.864359966763
basiskele::fatih_mahallesinde,2,44005.715,48519.40111883807,4513.686118838068
golcuk::sinirsiz_kredi_imkanli,1,30000.0,34544.975132902735,4544.975132902735
basiskele::yuvacik_manar,1,43846.15,48404.234205614724,4558.084205614723
kartepe::finans_kuruluslarina_uygun_1_99_kredi_butik,1,32294.12,36852.23608480685,4558.11608480685
izmit::plaj_yolunda_sea_life,1,45454.55,50038.24971432646,4583.69971432646
basiskele::kullar_da_ultra_ebeveyn_banyolu,1,35555.56,40166.32254766446,4610.762547664461
izmit::zenan,1,34500.0,39113.04312661279,4613.043126612793
basiskele::my_house_yuvacik,3,36546.29666666667,41169.18059567904,4622.883929012377
golcuk::yildirim,1,27586.21,32216.62179639267,4630.411796392669
izmit::rbs_yasam,1,33010.2,37677.3087131228,4667.108713122805
izmit::kabaoglunda,1,42613.64,47299.195738294715,4685.555738294715
kartepe::derbent_mh,1,31838.24,36532.1234123482,4693.883412348197
karamursel::merkezkent,5,40784.403999999995,45492.28281448651,4707.878814486515
izmit::nergis,2,32835.825,37573.86227016554,4738.0372701655415
kartepe::hursoy_sitesi_atakent_1,1,35000.0,39765.928191215804,4765.928191215804
izmit::tadu_concept,4,51590.475,56391.664421310445,4801.189421310446
kartepe::kartepe_premium,1,41666.67,46496.311941203916,4829.641941203918
basiskele::cati_dubleks_havuzlu,1,34545.45,39380.364304958755,4834.914304958758
izmit::avenue,1,52307.69,57145.83746527971,4838.147465279704
izmit::umuttepe_yolu_uzeri_kaboglu_mevki,1,47333.33,52221.05856382123,4887.728563821227
basiskele::bloklu_butik,1,34160.0,39056.47413983194,4896.474139831938
golcuk::sakli_vadi,1,38690.48,43602.17028949485,4911.6902894948435
kartepe::genis_kulanisli,1,33888.89,38836.809922766995,4947.919922766996
izmit::yuvam_garden,4,33156.0675,38125.95383617789,4969.886336177893
basiskele::cevizli_vadi,1,45000.0,50016.430214639986,5016.430214639986
kartepe::kartepe_dumlupinar_ritim_naz,1,49324.32,54353.184507368656,5028.864507368657
basiskele::bizim_evler,1,38750.0,43905.10701690024,5155.107016900241
kartepe::kartepe_fsm_mah,1,36785.71,41950.00364788933,5164.293647889332
kartepe::kartepe_ibrikdere_butik,1,30000.0,35170.183290557085,5170.183290557085
kartepe::kafkas_dostluk,1,25384.62,30582.1015875075,5197.4815875075
basiskele::elitium_park,4,39457.509999999995,44676.56048286963,5219.050482869634
izmit::golpark_star_life,3,35754.76666666667,40978.607191886644,5223.840525219974
izmit::plajyolu_bozdag,1,46733.67,51986.39755466371,5252.72755466371
golcuk::full_deniz_manzarali,1,25483.87,30746.726689487747,5262.856689487748
golcuk::ata_1,2,36969.604999999996,42286.63972434799,5317.034724347985
golcuk::otoparkli,1,37500.0,42828.12441352497,5328.124413524973
kartepe::ozdilek_atakent,1,26923.08,32275.051685883373,5351.971685883371
izmit::vista_evleri_1,1,29600.0,34980.973834059085,5380.973834059085
izmit::cb_atlas_tan_la_vida_city,3,40430.10666666667,45832.13387598641,5402.027209319737
basiskele::seyr_i_vadi,1,40000.0,45448.57097151036,5448.5709715103585
izmit::oluklu_bagcesme,4,41488.095,46974.33889253264,5486.243892532648
izmit::campus_istanbul,3,54333.333333333336,59823.59022845063,5490.256895117294
basiskele::memur_sen,1,28500.0,34035.9128672325,5535.912867232502
izmit::akcakent_1,5,44022.28,49702.541634612935,5680.261634612939
basiskele::yuvacik_doga,1,32333.33,38035.56928076195,5702.239280761947
izmit::sudeks_bagcesme,1,47142.86,52856.92536996713,5714.065369967131
basiskele::kullar_da_prestijli_yasam,1,29629.63,35353.484339840594,5723.854339840593
izmit::up_town_evleri_2,1,40606.06,46340.96973157668,5734.909731576685
basiskele::inci,1,33437.5,39233.967993697384,5796.467993697384
izmit::bagkale,1,32241.38,38070.6144750701,5829.234475070098
kartepe::kartepe_konaklari,5,31728.447999999997,37603.69485892357,5875.246858923563
basiskele::naturapark,1,25294.12,31224.996081885278,5930.876081885279
izmit::visinya,2,34489.455,40443.150494063506,5953.695494063511
izmit::akcakent_2,9,42494.333333333336,48483.43118099875,5989.097847665414
izmit::diamond_boutioue,3,39007.94,45002.03572554219,5994.095725542186
basiskele::yenikoy_kalici_konutlari_12_ada,1,34500.0,40515.70922549623,6015.709225496234
izmit::kurucesme_fatih_mahallesi,1,29583.33,35650.586887837126,6067.256887837124
izmit::dikkat_emlak_tan_yenisehir_mh,1,32857.14,38937.664388291014,6080.5243882910145
basiskele::yesilyurt_mahallesin_de,1,32708.33,38806.01083635032,6097.680836350315
izmit::akkus,1,32666.67,38788.69116703216,6122.021167032159
izmit::osmanli_konaklari,1,36879.43,43048.30847966469,6168.878479664687
golcuk::golcuk_degirmendere_orcun,1,27631.58,33875.29632481424,6243.716324814239
izmit::tepe,1,44990.0,51248.057553682185,6258.057553682185
kartepe::ekomax_dan_kartepe,1,29285.71,35555.34851794244,6269.63851794244
basiskele::terasta_life,1,36363.64,42682.017257355365,6318.377257355365
basiskele::ust_deniz_manzarali_asansorlu,1,32379.31,38730.08509086735,6350.7750908673515
izmit::yuvam_akarca_evleri_10_ada,2,42000.0,48350.895448684314,6350.895448684314
basiskele::vadi_suit,1,35121.21,41484.93955135562,6363.729551355624
izmit::remax_effect_ten_gundogdu_bayindirlik,2,29640.155,36040.26470703099,6400.109707030988
izmit::gulacti_deniz_konaklari_2,1,31783.78,38242.926090017296,6459.146090017297
basiskele::kw_arven_den_ted_kolejine_komsu_havuzlu,1,30937.5,37430.57126544125,6493.071265441249
basiskele::kullar_tepecik_mah,2,30937.5,37435.58452082934,6498.084520829339
basiskele::yildiz_sitesi,1,28476.19,34986.37781589248,6510.187815892485
izmit::seymen,1,21111.11,27664.46622023017,6553.356220230169
izmit::kavanya_gol,1,34444.44,41011.487239318965,6567.047239318963
basiskele::barbaros,1,41588.79,48195.468972443414,6606.678972443413
kartepe::bizim_konaklar,1,33250.0,39868.885466535445,6618.885466535445
golcuk::versay_yamacevler,1,28947.37,35569.2670316946,6621.897031694603
izmit::seka_akgun,1,22307.69,29008.126584889706,6700.436584889707
kartepe::151_ada,1,31250.0,37952.175831054556,6702.175831054556
karamursel::meric,2,29669.42,36394.71166169342,6725.291661693422
golcuk::aylan_1,1,30384.62,37300.562825926696,6915.942825926697
kartepe::agkoc_evleri_2,1,29382.35,36315.48717353589,6933.137173535892
golcuk::ford,1,26818.18,33769.98767680244,6951.80767680244
golcuk::oz_mercan,1,22461.54,29453.45643548845,6991.916435488449
izmit::bayindirlik_konutlari_11_ada,1,32083.33,39152.40503819921,7069.075038199211
golcuk::mimoza,1,32500.0,39774.29841257754,7274.29841257754
golcuk::armada,1,35789.47,43066.0297018267,7276.5597018267
izmit::kucukyali,1,35000.0,42343.05343247696,7343.0534324769615
izmit::almira,2,32793.83,40239.20756402112,7445.377564021119
izmit::plajyolu_harika_konum_da,1,29629.63,37087.58303881695,7457.953038816948
izmit::remax_dream_avenue,1,51666.67,59296.966288750395,7630.296288750396
golcuk::dogan,1,24107.14,31743.04965981702,7635.909659817022
karamursel::baydar,1,31052.63,38883.286105576815,7830.656105576814
izmit::remax_bagcesme_orhan_mh,1,36521.74,44398.35561715916,7876.615617159165
basiskele::vizyon_dan,1,44142.86,52031.11230287203,7888.252302872032
golcuk::degirmendere_konaklari,2,33455.555,41524.68503919327,8069.130039193267
karamursel::yamac,1,35000.0,43154.67525744763,8154.675257447627
izmit::gundogdu_eren_life,1,36428.57,44591.96236184031,8163.392361840313
izmit::dunya_bankasi_konutlari_3_ada,1,31315.79,39523.49749694021,8207.70749694021
kartepe::kartepe,1,29200.0,37409.475480071225,8209.475480071225
basiskele::selimoglu,1,32857.14,41119.09929078244,8261.95929078244
basiskele::asansorlu_butik,1,39600.0,47870.06970024296,8270.069700242959
kartepe::yonca,1,30384.62,38706.608078840945,8321.988078840946
karamursel::demtas_koygun_sahil,1,29310.34,37752.38493958558,8442.04493958558
golcuk::ulasli_yesilkent,1,22307.69,30753.26132976104,8445.571329761042
izmit::vadi_residence,2,52000.0,60450.973993097636,8450.973993097632
golcuk::erguder,2,22527.175,31071.194115755698,8544.019115755698
basiskele::birikim_gayrimenkulden,1,29350.0,38040.87826178046,8690.87826178046
basiskele::invest_globalden_zeray_kent,1,33333.33,42090.00100806472,8756.671008064717
basiskele::listing_portal_vadi_yuvacik,1,31843.75,40686.201686586406,8842.451686586406
izmit::erim,1,26400.0,35259.32720733509,8859.327207335089
karamursel::adres_emlaktan_kent,1,39583.33,48662.95673340195,9079.62673340195
basiskele::remax_dreamden_fatih_de,1,32333.33,41431.05653349627,9097.726533496265
karamursel::inci,1,25000.0,34168.90757945088,9168.907579450883
basiskele::casaba_suite,1,39610.39,48795.28040463967,9184.890404639671
golcuk::sehir,1,25416.67,34691.57476476609,9274.904764766092
izmit::seka,1,20760.0,30316.675512937883,9556.675512937883
karamursel::demircan,1,23333.33,32991.108746424085,9657.778746424083
golcuk::deniz_yildizi,2,28828.125,38540.73096865309,9712.605968653093
karamursel::kardesten_kayacik_ta,1,32142.86,41899.34628286054,9756.48628286054
izmit::kurucesme_oluklu,1,25923.08,35811.74903261235,9888.66903261235
izmit::akademic_life_2,3,37080.61,46985.90364869719,9905.293648697188
izmit::yelkent,1,31250.0,41168.63292209302,9918.63292209302
izmit::zorlife,1,26818.18,36857.23567946408,10039.05567946408
golcuk::manzara,1,32692.31,42879.864100569524,10187.554100569523
karamursel::karamursel_pinarbasi,1,23333.33,33578.98828038489,10245.658280384887
karamursel::asansorlu,1,35333.33,45772.30219952596,10438.97219952596
karamursel::remax_kanyon_dan,1,35135.14,45702.67273189964,10567.532731899642
izmit::izmit_kavanya_koru_sitesi,1,32916.67,43555.8383421635,10639.168342163503
izmit::academic_life,1,33333.33,44019.844311611945,10686.514311611943
basiskele::may_city,1,33148.15,43852.38215242624,10704.232152426237
izmit::truva,5,48150.582,58937.98382122526,10787.401821225256
izmit::maide,1,27192.98,38003.55667543976,10810.57667543976
izmit::tarcanlar_dan_gundogdu_eren_life,1,33125.0,44057.95986824999,10932.959868249993
izmit::yuvam_akarca_evleri_1_ada,1,30000.0,41527.77741814214,11527.777418142141
kartepe::gulas,1,27052.94,39493.311873924606,12440.371873924607
izmit::remax_exclusiveden_avenue,1,42666.67,55129.91014908296,12463.240149082965
izmit::yesilova_merkezi_yerde_karpay,1,45333.33,58009.07239287632,12675.742392876316
izmit::plajyolu_sea_life,1,40588.24,53349.52172940014,12761.281729400143
izmit::tarcanlardan_gundogdu_eren_life,2,35153.845,47950.78977950048,12796.944779500482
izmit::full_hazir_kiracili_son,1,43333.33,56154.1510928245,12820.821092824495
basiskele::mehmet_akif_ersoy,1,22500.0,35454.20039404118,12954.200394041181
izmit::izmit_te_akcakent,1,28750.0,42005.60097822063,13255.600978220631
basiskele::derin_den_yatirim_firsati,1,21467.39,34896.84761534338,13429.45761534338
izmit::akar,2,29629.765,44167.10933006558,14537.344330065574
