county,group,feature,non_null_count,positive_count,positive_rate,missing_rate,reliability_status
Başiskele,front,front_east,1753,804,0.45864232743867656,0.0,ok
Başiskele,front,front_north,1753,542,0.3091842555618939,0.0,ok
Başiskele,front,front_south,1753,846,0.48260125499144324,0.0,ok
Başiskele,front,front_west,1753,767,0.4375356531660011,0.0,ok
Başiskele,inside,in_air_conditioner,1753,64,0.03650884198516828,0.0,ok
Başiskele,inside,in_builtin_kitchen,1753,324,0.18482601254991443,0.0,ok
Başiskele,inside,in_dressing_room,1753,111,0.06332002281802625,0.0,ok
Başiskele,inside,in_fiber,1753,535,0.3051911009697661,0.0,ok
Başiskele,inside,in_glass_balcony,1753,95,0.05419281232173417,0.0,ok
Başiskele,inside,in_heat_glass,1753,762,0.43468339988590987,0.0,ok
Başiskele,inside,in_intercom,1753,623,0.3553907586993725,0.0,ok
Başiskele,inside,in_laminate_floor,1753,805,0.4592127780946948,0.0,ok
Başiskele,inside,in_pantry,1753,134,0.0764403879064461,0.0,ok
Başiskele,inside,in_parent_bathroom,1753,410,0.2338847689674843,0.0,ok
Başiskele,inside,in_pvc,1753,594,0.33884768967484313,0.0,ok
Başiskele,inside,in_smart_home,1753,57,0.032515687393040504,0.0,ok
Başiskele,inside,in_steel_door,1753,1011,0.5767256132344553,0.0,ok
Başiskele,inside,in_terrace,1753,334,0.19053051911009697,0.0,ok
Başiskele,nearby,near_city_center,1753,782,0.44609241300627495,0.0,ok
Başiskele,nearby,near_hospital,1753,1072,0.6115231032515688,0.0,ok
Başiskele,nearby,near_lake_zero,1753,21,0.011979463776383342,0.0,ok
Başiskele,nearby,near_mall,1753,768,0.4381061038220194,0.0,ok
Başiskele,nearby,near_market,1753,1174,0.6697090701654307,0.0,ok
Başiskele,nearby,near_mosque,1753,1116,0.6366229321163719,0.0,ok
Başiskele,nearby,near_park,1753,1028,0.5864232743867656,0.0,ok
Başiskele,nearby,near_pharmacy,1753,1023,0.5835710211066742,0.0,ok
Başiskele,nearby,near_school,1753,1147,0.6543069024529378,0.0,ok
Başiskele,nearby,near_sea_zero,1753,44,0.025099828864803195,0.0,ok
Başiskele,nearby,near_university,1753,595,0.3394181403308614,0.0,ok
Başiskele,outside,out_camera,1753,469,0.2675413576725613,0.0,ok
Başiskele,outside,out_children_playground,1753,411,0.23445521962350258,0.0,ok
Başiskele,outside,out_closed_pool,1753,66,0.037649743297204795,0.0,ok
Başiskele,outside,out_generator,1753,44,0.025099828864803195,0.0,ok
Başiskele,outside,out_heat_insulation,1753,914,0.5213918996006845,0.0,ok
Başiskele,outside,out_hydrofor,1753,58,0.03308613804905876,0.0,ok
Başiskele,outside,out_open_pool,1753,292,0.16657159155733028,0.0,ok
Başiskele,outside,out_pool,1753,306,0.17455790074158586,0.0,ok
Başiskele,outside,out_sauna_hamam,1753,108,0.06160867084997148,0.0,ok
Başiskele,outside,out_security,1753,345,0.19680547632629777,0.0,ok
Başiskele,outside,out_sound_insulation,1753,722,0.41186537364517967,0.0,ok
Başiskele,outside,out_sports_area,1753,254,0.14489446662863661,0.0,ok
Başiskele,subtype,subtype_duplex,1753,721,0.4112949229891614,0.0,unmapped_extra
Başiskele,subtype,subtype_garden_duplex,1753,212,0.12093553907586994,0.0,unmapped_extra
Başiskele,subtype,subtype_middle_floor,1753,462,0.26354820308043353,0.0,unmapped_extra
Başiskele,subtype,subtype_reverse_duplex,1753,45,0.02567027952082145,0.0,unmapped_extra
Başiskele,subtype,subtype_roof_duplex,1753,412,0.23502567027952082,0.0,unmapped_extra
Başiskele,subtype,subtype_top_floor,1753,122,0.06959498003422704,0.0,unmapped_extra
Başiskele,subtype,subtype_triplex,1753,6,0.0034227039361095267,0.0,unmapped_extra+unreliable
Başiskele,transport,transport_airport,1753,42,0.023958927552766685,0.0,ok
Başiskele,transport,transport_bus_stop,1753,1052,0.6001140901312036,0.0,ok
Başiskele,transport,transport_e5,1753,441,0.2515687393040502,0.0,ok
Başiskele,transport,transport_main_road,1753,934,0.5328009127210497,0.0,ok
Başiskele,transport,transport_metro,1753,57,0.032515687393040504,0.0,ok
Başiskele,transport,transport_minibus,1753,899,0.5128351397604107,0.0,ok
Başiskele,transport,transport_tem,1753,109,0.06217912150598973,0.0,ok
Başiskele,transport,transport_train,1753,42,0.023958927552766685,0.0,ok
Başiskele,transport,transport_tram,1753,42,0.023958927552766685,0.0,ok
Başiskele,view,view_bosphorus,1753,12,0.0068454078722190535,0.0,ok
Başiskele,view,view_city,1753,743,0.42384483742156304,0.0,ok
Başiskele,view,view_lake,1753,9,0.00513405590416429,0.0,unreliable
Başiskele,view,view_nature,1753,794,0.452937820878494,0.0,ok
Başiskele,view,view_park_green,1753,839,0.47860810039931545,0.0,ok
Başiskele,view,view_pool,1753,78,0.04449515116942385,0.0,ok
Başiskele,view,view_river,1753,7,0.003993154592127781,0.0,unreliable
Başiskele,view,view_sea,1753,345,0.19680547632629777,0.0,ok
Darıca,front,front_east,3318,1597,0.48131404460518384,0.0,ok
Darıca,front,front_north,3318,507,0.15280289330922242,0.0,ok
Darıca,front,front_south,3318,2357,0.7103676913803496,0.0,ok
Darıca,front,front_west,3318,1128,0.3399638336347197,0.0,ok
Darıca,inside,in_air_conditioner,3318,170,0.05123568414707655,0.0,ok
Darıca,inside,in_builtin_kitchen,3318,570,0.1717902350813743,0.0,ok
Darıca,inside,in_dressing_room,3318,148,0.04460518384569018,0.0,ok
Darıca,inside,in_fiber,3318,1374,0.4141048824593128,0.0,ok
Darıca,inside,in_glass_balcony,3318,201,0.06057866184448463,0.0,ok
Darıca,inside,in_heat_glass,3318,1367,0.41199517781796263,0.0,ok
Darıca,inside,in_intercom,3318,1603,0.4831223628691983,0.0,ok
Darıca,inside,in_laminate_floor,3318,1809,0.5452079566003617,0.0,ok
Darıca,inside,in_pantry,3318,258,0.07775768535262206,0.0,ok
Darıca,inside,in_parent_bathroom,3318,243,0.07323688969258589,0.0,ok
Darıca,inside,in_pvc,3318,1325,0.39933694996986135,0.0,ok
Darıca,inside,in_smart_home,3318,301,0.09071729957805907,0.0,ok
Darıca,inside,in_steel_door,3318,1936,0.5834840265220012,0.0,ok
Darıca,inside,in_terrace,3318,512,0.15430982519590114,0.0,ok
Darıca,nearby,near_city_center,3318,2084,0.6280892103676914,0.0,ok
Darıca,nearby,near_hospital,3318,2242,0.675708257986739,0.0,ok
Darıca,nearby,near_lake_zero,3318,111,0.03345388788426763,0.0,ok
Darıca,nearby,near_mall,3318,1874,0.564798071127185,0.0,ok
Darıca,nearby,near_market,3318,2275,0.6856540084388185,0.0,ok
Darıca,nearby,near_mosque,3318,2179,0.6567209162145871,0.0,ok
Darıca,nearby,near_park,3318,2118,0.6383363471971067,0.0,ok
Darıca,nearby,near_pharmacy,3318,2167,0.6531042796865582,0.0,ok
Darıca,nearby,near_school,3318,2266,0.6829415310427969,0.0,ok
Darıca,nearby,near_sea_zero,3318,357,0.10759493670886076,0.0,ok
Darıca,nearby,near_university,3318,1420,0.4279686558167571,0.0,ok
Darıca,outside,out_camera,3318,957,0.2884267631103074,0.0,ok
Darıca,outside,out_children_playground,3318,369,0.1112115732368897,0.0,ok
Darıca,outside,out_closed_pool,3318,124,0.037371910789632305,0.0,ok
Darıca,outside,out_generator,3318,329,0.09915611814345991,0.0,ok
Darıca,outside,out_heat_insulation,3318,1910,0.5756479807112719,0.0,ok
Darıca,outside,out_hydrofor,3318,706,0.21277878239903555,0.0,ok
Darıca,outside,out_open_pool,3318,177,0.05334538878842676,0.0,ok
Darıca,outside,out_pool,3318,189,0.056962025316455694,0.0,ok
Darıca,outside,out_sauna_hamam,3318,153,0.0461121157323689,0.0,ok
Darıca,outside,out_security,3318,316,0.09523809523809523,0.0,ok
Darıca,outside,out_sound_insulation,3318,1741,0.5247136829415311,0.0,ok
Darıca,outside,out_sports_area,3318,352,0.10608800482218204,0.0,ok
Darıca,subtype,subtype_duplex,3318,776,0.23387582881253768,0.0,unmapped_extra
Darıca,subtype,subtype_garden_duplex,3318,118,0.03556359252561784,0.0,unmapped_extra
Darıca,subtype,subtype_middle_floor,3318,1257,0.37884267631103075,0.0,unmapped_extra
Darıca,subtype,subtype_reverse_duplex,3318,90,0.027124773960216998,0.0,unmapped_extra
Darıca,subtype,subtype_roof_duplex,3318,409,0.12326702833031947,0.0,unmapped_extra
Darıca,subtype,subtype_top_floor,3318,188,0.056660638939119955,0.0,unmapped_extra
Darıca,subtype,subtype_triplex,3318,20,0.006027727546714889,0.0,unmapped_extra
Darıca,transport,transport_airport,3318,1168,0.35201928872814947,0.0,ok
Darıca,transport,transport_bus_stop,3318,2118,0.6383363471971067,0.0,ok
Darıca,transport,transport_e5,3318,1767,0.5325497287522604,0.0,ok
Darıca,transport,transport_main_road,3318,2224,0.6702833031946956,0.0,ok
Darıca,transport,transport_metro,3318,1970,0.5937311633514165,0.0,ok
Darıca,transport,transport_minibus,3318,1982,0.5973477998794454,0.0,ok
Darıca,transport,transport_tem,3318,995,0.2998794454490657,0.0,ok
Darıca,transport,transport_train,3318,1452,0.4376130198915009,0.0,ok
Darıca,transport,transport_tram,3318,228,0.06871609403254973,0.0,ok
Darıca,view,view_bosphorus,3318,99,0.029837251356238697,0.0,ok
Darıca,view,view_city,3318,1651,0.497588908981314,0.0,ok
Darıca,view,view_lake,3318,75,0.022603978300180832,0.0,ok
Darıca,view,view_nature,3318,767,0.23116335141651598,0.0,ok
Darıca,view,view_park_green,3318,1333,0.40174804098854733,0.0,ok
Darıca,view,view_pool,3318,96,0.028933092224231464,0.0,ok
Darıca,view,view_river,3318,68,0.020494273658830622,0.0,ok
Darıca,view,view_sea,3318,550,0.16576250753465943,0.0,ok
Derince,front,front_east,685,274,0.4,0.0,ok
Derince,front,front_north,685,227,0.33138686131386863,0.0,ok
Derince,front,front_south,685,379,0.5532846715328467,0.0,ok
Derince,front,front_west,685,279,0.4072992700729927,0.0,ok
Derince,inside,in_air_conditioner,685,16,0.02335766423357664,0.0,ok
Derince,inside,in_builtin_kitchen,685,91,0.13284671532846715,0.0,ok
Derince,inside,in_dressing_room,685,15,0.021897810218978103,0.0,ok
Derince,inside,in_fiber,685,133,0.19416058394160585,0.0,ok
Derince,inside,in_glass_balcony,685,61,0.08905109489051095,0.0,ok
Derince,inside,in_heat_glass,685,269,0.3927007299270073,0.0,ok
Derince,inside,in_intercom,685,158,0.23065693430656933,0.0,ok
Derince,inside,in_laminate_floor,685,335,0.48905109489051096,0.0,ok
Derince,inside,in_pantry,685,42,0.061313868613138686,0.0,ok
Derince,inside,in_parent_bathroom,685,49,0.07153284671532846,0.0,ok
Derince,inside,in_pvc,685,204,0.29781021897810217,0.0,ok
Derince,inside,in_smart_home,685,6,0.008759124087591242,0.0,ok
Derince,inside,in_steel_door,685,372,0.5430656934306569,0.0,ok
Derince,inside,in_terrace,685,81,0.11824817518248175,0.0,ok
Derince,nearby,near_city_center,685,259,0.3781021897810219,0.0,ok
Derince,nearby,near_hospital,685,410,0.5985401459854015,0.0,ok
Derince,nearby,near_lake_zero,685,1,0.00145985401459854,0.0,ok
Derince,nearby,near_mall,685,233,0.34014598540145985,0.0,ok
Derince,nearby,near_market,685,445,0.6496350364963503,0.0,ok
Derince,nearby,near_mosque,685,423,0.6175182481751825,0.0,ok
Derince,nearby,near_park,685,381,0.5562043795620438,0.0,ok
Derince,nearby,near_pharmacy,685,365,0.5328467153284672,0.0,ok
Derince,nearby,near_school,685,430,0.6277372262773723,0.0,ok
Derince,nearby,near_sea_zero,685,15,0.021897810218978103,0.0,ok
Derince,nearby,near_university,685,41,0.059854014598540145,0.0,ok
Derince,outside,out_camera,685,96,0.14014598540145987,0.0,ok
Derince,outside,out_children_playground,685,85,0.12408759124087591,0.0,ok
Derince,outside,out_closed_pool,685,13,0.01897810218978102,0.0,ok
Derince,outside,out_generator,685,16,0.02335766423357664,0.0,ok
Derince,outside,out_heat_insulation,685,353,0.5153284671532846,0.0,ok
Derince,outside,out_hydrofor,685,24,0.035036496350364967,0.0,ok
Derince,outside,out_open_pool,685,8,0.01167883211678832,0.0,ok
Derince,outside,out_pool,685,23,0.033576642335766425,0.0,ok
Derince,outside,out_sauna_hamam,685,15,0.021897810218978103,0.0,ok
Derince,outside,out_security,685,44,0.06423357664233577,0.0,ok
Derince,outside,out_sound_insulation,685,189,0.2759124087591241,0.0,ok
Derince,outside,out_sports_area,685,42,0.061313868613138686,0.0,ok
Derince,subtype,subtype_duplex,685,181,0.26423357664233577,0.0,unmapped_extra
Derince,subtype,subtype_garden_duplex,685,55,0.08029197080291971,0.0,unmapped_extra
Derince,subtype,subtype_middle_floor,685,207,0.3021897810218978,0.0,unmapped_extra
Derince,subtype,subtype_reverse_duplex,685,10,0.014598540145985401,0.0,unmapped_extra
Derince,subtype,subtype_roof_duplex,685,101,0.14744525547445256,0.0,unmapped_extra
Derince,subtype,subtype_top_floor,685,67,0.09781021897810219,0.0,unmapped_extra
Derince,subtype,subtype_triplex,685,1,0.00145985401459854,0.0,unmapped_extra
Derince,transport,transport_airport,685,10,0.014598540145985401,0.0,ok
Derince,transport,transport_bus_stop,685,373,0.5445255474452555,0.0,ok
Derince,transport,transport_e5,685,209,0.3051094890510949,0.0,ok
Derince,transport,transport_main_road,685,369,0.5386861313868613,0.0,ok
Derince,transport,transport_metro,685,32,0.04671532846715328,0.0,ok
Derince,transport,transport_minibus,685,343,0.5007299270072992,0.0,ok
Derince,transport,transport_tem,685,57,0.08321167883211679,0.0,ok
Derince,transport,transport_train,685,19,0.027737226277372264,0.0,ok
Derince,transport,transport_tram,685,15,0.021897810218978103,0.0,ok
Derince,view,view_bosphorus,685,1,0.00145985401459854,0.0,ok
Derince,view,view_city,685,327,0.47737226277372263,0.0,ok
Derince,view,view_lake,685,0,0.0,0.0,ok
Derince,view,view_nature,685,185,0.27007299270072993,0.0,ok
Derince,view,view_park_green,685,227,0.33138686131386863,0.0,ok
Derince,view,view_pool,685,5,0.0072992700729927005,0.0,ok
Derince,view,view_river,685,2,0.00291970802919708,0.0,ok
Derince,view,view_sea,685,103,0.15036496350364964,0.0,ok
Gebze,front,front_east,1803,670,0.3716028840820854,0.0,ok
Gebze,front,front_north,1803,327,0.18136439267886856,0.0,ok
Gebze,front,front_south,1803,1054,0.5845812534664449,0.0,ok
Gebze,front,front_west,1803,572,0.317249029395452,0.0,ok
Gebze,inside,in_air_conditioner,1803,84,0.04658901830282862,0.0,ok
Gebze,inside,in_builtin_kitchen,1803,323,0.17914586799778148,0.0,ok
Gebze,inside,in_dressing_room,1803,90,0.04991680532445923,0.0,ok
Gebze,inside,in_fiber,1803,557,0.3089295618413755,0.0,ok
Gebze,inside,in_glass_balcony,1803,211,0.11702717692734331,0.0,ok
Gebze,inside,in_heat_glass,1803,643,0.35662784248474766,0.0,ok
Gebze,inside,in_intercom,1803,592,0.3283416528008874,0.0,ok
Gebze,inside,in_laminate_floor,1803,829,0.4597892401552967,0.0,ok
Gebze,inside,in_pantry,1803,150,0.08319467554076539,0.0,ok
Gebze,inside,in_parent_bathroom,1803,190,0.10537992235163617,0.0,ok
Gebze,inside,in_pvc,1803,620,0.343871325568497,0.0,ok
Gebze,inside,in_smart_home,1803,81,0.04492512479201331,0.0,ok
Gebze,inside,in_steel_door,1803,957,0.5307820299500832,0.0,ok
Gebze,inside,in_terrace,1803,264,0.1464226289517471,0.0,ok
Gebze,nearby,near_city_center,1803,943,0.5230171935662784,0.0,ok
Gebze,nearby,near_hospital,1803,1078,0.5978924015529673,0.0,ok
Gebze,nearby,near_lake_zero,1803,58,0.03216860787576262,0.0,ok
Gebze,nearby,near_mall,1803,806,0.447032723239046,0.0,ok
Gebze,nearby,near_market,1803,1133,0.6283971159179146,0.0,ok
Gebze,nearby,near_mosque,1803,1063,0.5895729339988908,0.0,ok
Gebze,nearby,near_park,1803,1018,0.5646145313366612,0.0,ok
Gebze,nearby,near_pharmacy,1803,1031,0.5718247365501942,0.0,ok
Gebze,nearby,near_school,1803,1133,0.6283971159179146,0.0,ok
Gebze,nearby,near_sea_zero,1803,71,0.03937881308929562,0.0,ok
Gebze,nearby,near_university,1803,406,0.22518025513033832,0.0,ok
Gebze,outside,out_camera,1803,434,0.24070992789794787,0.0,ok
Gebze,outside,out_children_playground,1803,279,0.15474209650582363,0.0,ok
Gebze,outside,out_closed_pool,1803,49,0.027176927343316695,0.0,ok
Gebze,outside,out_generator,1803,141,0.07820299500831947,0.0,ok
Gebze,outside,out_heat_insulation,1803,872,0.4836383804769828,0.0,ok
Gebze,outside,out_hydrofor,1803,285,0.15806988352745424,0.0,ok
Gebze,outside,out_open_pool,1803,54,0.029950083194675542,0.0,ok
Gebze,outside,out_pool,1803,63,0.03494176372712146,0.0,ok
Gebze,outside,out_sauna_hamam,1803,54,0.029950083194675542,0.0,ok
Gebze,outside,out_security,1803,191,0.10593455352190793,0.0,ok
Gebze,outside,out_sound_insulation,1803,667,0.3699389905712701,0.0,ok
Gebze,outside,out_sports_area,1803,175,0.09706045479755962,0.0,ok
Gebze,subtype,subtype_duplex,1803,446,0.2473655019412091,0.0,unmapped_extra
Gebze,subtype,subtype_garden_duplex,1803,49,0.027176927343316695,0.0,unmapped_extra
Gebze,subtype,subtype_middle_floor,1803,691,0.38325013865779256,0.0,unmapped_extra
Gebze,subtype,subtype_reverse_duplex,1803,54,0.029950083194675542,0.0,unmapped_extra
Gebze,subtype,subtype_roof_duplex,1803,217,0.12035496394897394,0.0,unmapped_extra
Gebze,subtype,subtype_top_floor,1803,140,0.0776483638380477,0.0,unmapped_extra
Gebze,subtype,subtype_triplex,1803,35,0.019412090959511925,0.0,unmapped_extra
Gebze,transport,transport_airport,1803,362,0.20077648363838047,0.0,ok
Gebze,transport,transport_bus_stop,1803,1068,0.5923460898502496,0.0,ok
Gebze,transport,transport_e5,1803,828,0.45923460898502494,0.0,ok
Gebze,transport,transport_main_road,1803,1059,0.5873544093178037,0.0,ok
Gebze,transport,transport_metro,1803,721,0.3998890737659456,0.0,ok
Gebze,transport,transport_minibus,1803,968,0.5368829728230726,0.0,ok
Gebze,transport,transport_tem,1803,441,0.24459234608985025,0.0,ok
Gebze,transport,transport_train,1803,473,0.26234054353854686,0.0,ok
Gebze,transport,transport_tram,1803,94,0.052135330005546314,0.0,ok
Gebze,view,view_bosphorus,1803,40,0.022185246810870772,0.0,ok
Gebze,view,view_city,1803,957,0.5307820299500832,0.0,ok
Gebze,view,view_lake,1803,40,0.022185246810870772,0.0,ok
Gebze,view,view_nature,1803,416,0.230726566833056,0.0,ok
Gebze,view,view_park_green,1803,567,0.3144758735440932,0.0,ok
Gebze,view,view_pool,1803,40,0.022185246810870772,0.0,ok
Gebze,view,view_river,1803,41,0.02273987798114254,0.0,ok
Gebze,view,view_sea,1803,257,0.14254021075984472,0.0,ok
Gölcük,front,front_east,1179,442,0.3748939779474131,0.0,ok
Gölcük,front,front_north,1179,354,0.30025445292620867,0.0,ok
Gölcük,front,front_south,1179,472,0.4003392705682782,0.0,ok
Gölcük,front,front_west,1179,391,0.33163698049194235,0.0,ok
Gölcük,inside,in_air_conditioner,1179,34,0.02883799830364716,0.0,ok
Gölcük,inside,in_builtin_kitchen,1179,212,0.179813401187447,0.0,ok
Gölcük,inside,in_dressing_room,1179,16,0.013570822731128074,0.0,ok
Gölcük,inside,in_fiber,1179,233,0.19762510602205258,0.0,ok
Gölcük,inside,in_glass_balcony,1179,103,0.08736217133163698,0.0,ok
Gölcük,inside,in_heat_glass,1179,359,0.3044953350296862,0.0,ok
Gölcük,inside,in_intercom,1179,197,0.1670907548770144,0.0,ok
Gölcük,inside,in_laminate_floor,1179,474,0.4020356234096692,0.0,ok
Gölcük,inside,in_pantry,1179,66,0.05597964376590331,0.0,ok
Gölcük,inside,in_parent_bathroom,1179,114,0.09669211195928754,0.0,ok
Gölcük,inside,in_pvc,1179,348,0.2951653944020356,0.0,ok
Gölcük,inside,in_smart_home,1179,12,0.010178117048346057,0.0,ok
Gölcük,inside,in_steel_door,1179,553,0.46904156064461405,0.0,ok
Gölcük,inside,in_terrace,1179,126,0.10687022900763359,0.0,ok
Gölcük,nearby,near_city_center,1179,432,0.366412213740458,0.0,ok
Gölcük,nearby,near_hospital,1179,619,0.5250212044105174,0.0,ok
Gölcük,nearby,near_lake_zero,1179,5,0.004240882103477523,0.0,ok
Gölcük,nearby,near_mall,1179,256,0.2171331636980492,0.0,ok
Gölcük,nearby,near_market,1179,671,0.5691263782866837,0.0,ok
Gölcük,nearby,near_mosque,1179,621,0.5267175572519084,0.0,ok
Gölcük,nearby,near_park,1179,560,0.47497879558948264,0.0,ok
Gölcük,nearby,near_pharmacy,1179,546,0.4631043256997455,0.0,ok
Gölcük,nearby,near_school,1179,659,0.5589482612383376,0.0,ok
Gölcük,nearby,near_sea_zero,1179,55,0.04664970313825276,0.0,ok
Gölcük,nearby,near_university,1179,147,0.12468193384223919,0.0,ok
Gölcük,outside,out_camera,1179,168,0.14249363867684478,0.0,ok
Gölcük,outside,out_children_playground,1179,123,0.10432569974554708,0.0,ok
Gölcük,outside,out_closed_pool,1179,3,0.002544529262086514,0.0,ok
Gölcük,outside,out_generator,1179,3,0.002544529262086514,0.0,ok
Gölcük,outside,out_heat_insulation,1179,475,0.4028837998303647,0.0,ok
Gölcük,outside,out_hydrofor,1179,20,0.016963528413910092,0.0,ok
Gölcük,outside,out_open_pool,1179,61,0.05173876166242578,0.0,ok
Gölcük,outside,out_pool,1179,64,0.0542832909245123,0.0,ok
Gölcük,outside,out_sauna_hamam,1179,10,0.008481764206955046,0.0,ok
Gölcük,outside,out_security,1179,59,0.05004240882103478,0.0,ok
Gölcük,outside,out_sound_insulation,1179,279,0.2366412213740458,0.0,ok
Gölcük,outside,out_sports_area,1179,62,0.05258693808312129,0.0,ok
Gölcük,subtype,subtype_duplex,1179,340,0.2883799830364716,0.0,unmapped_extra
Gölcük,subtype,subtype_garden_duplex,1179,97,0.08227311280746395,0.0,unmapped_extra
Gölcük,subtype,subtype_middle_floor,1179,322,0.2731128074639525,0.0,unmapped_extra
Gölcük,subtype,subtype_reverse_duplex,1179,14,0.011874469889737066,0.0,unmapped_extra
Gölcük,subtype,subtype_roof_duplex,1179,200,0.16963528413910092,0.0,unmapped_extra
Gölcük,subtype,subtype_top_floor,1179,106,0.0899067005937235,0.0,unmapped_extra
Gölcük,subtype,subtype_triplex,1179,5,0.004240882103477523,0.0,unmapped_extra
Gölcük,transport,transport_airport,1179,6,0.005089058524173028,0.0,ok
Gölcük,transport,transport_bus_stop,1179,556,0.4715860899067006,0.0,ok
Gölcük,transport,transport_e5,1179,230,0.19508057675996607,0.0,ok
Gölcük,transport,transport_main_road,1179,534,0.4529262086513995,0.0,ok
Gölcük,transport,transport_metro,1179,12,0.010178117048346057,0.0,ok
Gölcük,transport,transport_minibus,1179,624,0.5292620865139949,0.0,ok
Gölcük,transport,transport_tem,1179,28,0.02374893977947413,0.0,ok
Gölcük,transport,transport_train,1179,4,0.0033927056827820186,0.0,ok
Gölcük,transport,transport_tram,1179,2,0.0016963528413910093,0.0,ok
Gölcük,view,view_bosphorus,1179,10,0.008481764206955046,0.0,ok
Gölcük,view,view_city,1179,424,0.359626802374894,0.0,ok
Gölcük,view,view_lake,1179,1,0.0008481764206955047,0.0,ok
Gölcük,view,view_nature,1179,366,0.3104325699745547,0.0,ok
Gölcük,view,view_park_green,1179,393,0.3333333333333333,0.0,ok
Gölcük,view,view_pool,1179,32,0.02714164546225615,0.0,ok
Gölcük,view,view_river,1179,1,0.0008481764206955047,0.0,ok
Gölcük,view,view_sea,1179,307,0.26039016115351993,0.0,ok
Kartepe,front,front_east,1008,434,0.4305555555555556,0.0,ok
Kartepe,front,front_north,1008,214,0.2123015873015873,0.0,ok
Kartepe,front,front_south,1008,442,0.4384920634920635,0.0,ok
Kartepe,front,front_west,1008,345,0.34226190476190477,0.0,ok
Kartepe,inside,in_air_conditioner,1008,28,0.027777777777777776,0.0,ok
Kartepe,inside,in_builtin_kitchen,1008,165,0.1636904761904762,0.0,ok
Kartepe,inside,in_dressing_room,1008,36,0.03571428571428571,0.0,ok
Kartepe,inside,in_fiber,1008,267,0.2648809523809524,0.0,ok
Kartepe,inside,in_glass_balcony,1008,62,0.061507936507936505,0.0,ok
Kartepe,inside,in_heat_glass,1008,371,0.3680555555555556,0.0,ok
Kartepe,inside,in_intercom,1008,327,0.3244047619047619,0.0,ok
Kartepe,inside,in_laminate_floor,1008,435,0.43154761904761907,0.0,ok
Kartepe,inside,in_pantry,1008,37,0.03670634920634921,0.0,ok
Kartepe,inside,in_parent_bathroom,1008,111,0.11011904761904762,0.0,ok
Kartepe,inside,in_pvc,1008,338,0.3353174603174603,0.0,ok
Kartepe,inside,in_smart_home,1008,25,0.0248015873015873,0.0,ok
Kartepe,inside,in_steel_door,1008,520,0.5158730158730159,0.0,ok
Kartepe,inside,in_terrace,1008,142,0.14087301587301587,0.0,ok
Kartepe,nearby,near_city_center,1008,389,0.38591269841269843,0.0,ok
Kartepe,nearby,near_hospital,1008,534,0.5297619047619048,0.0,ok
Kartepe,nearby,near_lake_zero,1008,2,0.001984126984126984,0.0,ok
Kartepe,nearby,near_mall,1008,405,0.4017857142857143,0.0,ok
Kartepe,nearby,near_market,1008,569,0.564484126984127,0.0,ok
Kartepe,nearby,near_mosque,1008,538,0.5337301587301587,0.0,ok
Kartepe,nearby,near_park,1008,498,0.49404761904761907,0.0,ok
Kartepe,nearby,near_pharmacy,1008,517,0.5128968253968254,0.0,ok
Kartepe,nearby,near_school,1008,560,0.5555555555555556,0.0,ok
Kartepe,nearby,near_sea_zero,1008,2,0.001984126984126984,0.0,ok
Kartepe,nearby,near_university,1008,223,0.22123015873015872,0.0,ok
Kartepe,outside,out_camera,1008,252,0.25,0.0,ok
Kartepe,outside,out_children_playground,1008,234,0.23214285714285715,0.0,ok
Kartepe,outside,out_closed_pool,1008,54,0.05357142857142857,0.0,ok
Kartepe,outside,out_generator,1008,30,0.02976190476190476,0.0,ok
Kartepe,outside,out_heat_insulation,1008,447,0.44345238095238093,0.0,ok
Kartepe,outside,out_hydrofor,1008,40,0.03968253968253968,0.0,ok
Kartepe,outside,out_open_pool,1008,150,0.1488095238095238,0.0,ok
Kartepe,outside,out_pool,1008,155,0.15376984126984128,0.0,ok
Kartepe,outside,out_sauna_hamam,1008,69,0.06845238095238096,0.0,ok
Kartepe,outside,out_security,1008,149,0.14781746031746032,0.0,ok
Kartepe,outside,out_sound_insulation,1008,372,0.36904761904761907,0.0,ok
Kartepe,outside,out_sports_area,1008,121,0.12003968253968254,0.0,ok
Kartepe,subtype,subtype_duplex,1008,299,0.29662698412698413,0.0,unmapped_extra
Kartepe,subtype,subtype_garden_duplex,1008,18,0.017857142857142856,0.0,unmapped_extra
Kartepe,subtype,subtype_middle_floor,1008,212,0.21031746031746032,0.0,unmapped_extra
Kartepe,subtype,subtype_reverse_duplex,1008,15,0.01488095238095238,0.0,unmapped_extra
Kartepe,subtype,subtype_roof_duplex,1008,197,0.19543650793650794,0.0,unmapped_extra
Kartepe,subtype,subtype_top_floor,1008,111,0.11011904761904762,0.0,unmapped_extra
Kartepe,subtype,subtype_triplex,1008,6,0.005952380952380952,0.0,unmapped_extra
Kartepe,transport,transport_airport,1008,79,0.07837301587301587,0.0,ok
Kartepe,transport,transport_bus_stop,1008,519,0.5148809523809523,0.0,ok
Kartepe,transport,transport_e5,1008,307,0.30456349206349204,0.0,ok
Kartepe,transport,transport_main_road,1008,492,0.4880952380952381,0.0,ok
Kartepe,transport,transport_metro,1008,21,0.020833333333333332,0.0,ok
Kartepe,transport,transport_minibus,1008,448,0.4444444444444444,0.0,ok
Kartepe,transport,transport_tem,1008,121,0.12003968253968254,0.0,ok
Kartepe,transport,transport_train,1008,40,0.03968253968253968,0.0,ok
Kartepe,transport,transport_tram,1008,24,0.023809523809523808,0.0,ok
Kartepe,view,view_bosphorus,1008,2,0.001984126984126984,0.0,ok
Kartepe,view,view_city,1008,371,0.3680555555555556,0.0,ok
Kartepe,view,view_lake,1008,5,0.00496031746031746,0.0,ok
Kartepe,view,view_nature,1008,291,0.28869047619047616,0.0,ok
Kartepe,view,view_park_green,1008,387,0.38392857142857145,0.0,ok
Kartepe,view,view_pool,1008,51,0.050595238095238096,0.0,ok
Kartepe,view,view_river,1008,2,0.001984126984126984,0.0,ok
Kartepe,view,view_sea,1008,2,0.001984126984126984,0.0,ok
Körfez,front,front_east,786,266,0.3384223918575064,0.0,ok
Körfez,front,front_north,786,263,0.3346055979643766,0.0,ok
Körfez,front,front_south,786,368,0.4681933842239186,0.0,ok
Körfez,front,front_west,786,284,0.361323155216285,0.0,ok
Körfez,inside,in_air_conditioner,786,19,0.024173027989821884,0.0,ok
Körfez,inside,in_builtin_kitchen,786,91,0.11577608142493638,0.0,ok
Körfez,inside,in_dressing_room,786,11,0.013994910941475827,0.0,ok
Körfez,inside,in_fiber,786,148,0.18829516539440203,0.0,ok
Körfez,inside,in_glass_balcony,786,71,0.09033078880407125,0.0,ok
Körfez,inside,in_heat_glass,786,233,0.2964376590330789,0.0,ok
Körfez,inside,in_intercom,786,145,0.18447837150127228,0.0,ok
Körfez,inside,in_laminate_floor,786,332,0.4223918575063613,0.0,ok
Körfez,inside,in_pantry,786,35,0.044529262086514,0.0,ok
Körfez,inside,in_parent_bathroom,786,52,0.06615776081424936,0.0,ok
Körfez,inside,in_pvc,786,203,0.2582697201017812,0.0,ok
Körfez,inside,in_smart_home,786,12,0.015267175572519083,0.0,ok
Körfez,inside,in_steel_door,786,377,0.4796437659033079,0.0,ok
Körfez,inside,in_terrace,786,100,0.1272264631043257,0.0,ok
Körfez,nearby,near_city_center,786,335,0.4262086513994911,0.0,ok
Körfez,nearby,near_hospital,786,426,0.5419847328244275,0.0,ok
Körfez,nearby,near_lake_zero,786,3,0.003816793893129771,0.0,ok
Körfez,nearby,near_mall,786,252,0.32061068702290074,0.0,ok
Körfez,nearby,near_market,786,460,0.5852417302798982,0.0,ok
Körfez,nearby,near_mosque,786,445,0.5661577608142494,0.0,ok
Körfez,nearby,near_park,786,401,0.510178117048346,0.0,ok
Körfez,nearby,near_pharmacy,786,413,0.5254452926208651,0.0,ok
Körfez,nearby,near_school,786,460,0.5852417302798982,0.0,ok
Körfez,nearby,near_sea_zero,786,20,0.02544529262086514,0.0,ok
Körfez,nearby,near_university,786,151,0.1921119592875318,0.0,ok
Körfez,outside,out_camera,786,88,0.11195928753180662,0.0,ok
Körfez,outside,out_children_playground,786,82,0.10432569974554708,0.0,ok
Körfez,outside,out_closed_pool,786,6,0.007633587786259542,0.0,ok
Körfez,outside,out_generator,786,13,0.01653944020356234,0.0,ok
Körfez,outside,out_heat_insulation,786,340,0.43256997455470736,0.0,ok
Körfez,outside,out_hydrofor,786,13,0.01653944020356234,0.0,ok
Körfez,outside,out_open_pool,786,14,0.017811704834605598,0.0,ok
Körfez,outside,out_pool,786,14,0.017811704834605598,0.0,ok
Körfez,outside,out_sauna_hamam,786,2,0.002544529262086514,0.0,ok
Körfez,outside,out_security,786,46,0.058524173027989825,0.0,ok
Körfez,outside,out_sound_insulation,786,178,0.22646310432569974,0.0,ok
Körfez,outside,out_sports_area,786,38,0.04834605597964377,0.0,ok
Körfez,subtype,subtype_duplex,786,201,0.25572519083969464,0.0,unmapped_extra
Körfez,subtype,subtype_garden_duplex,786,26,0.03307888040712468,0.0,unmapped_extra
Körfez,subtype,subtype_middle_floor,786,214,0.272264631043257,0.0,unmapped_extra
Körfez,subtype,subtype_reverse_duplex,786,7,0.008905852417302799,0.0,unmapped_extra
Körfez,subtype,subtype_roof_duplex,786,118,0.15012722646310434,0.0,unmapped_extra
Körfez,subtype,subtype_top_floor,786,63,0.08015267175572519,0.0,unmapped_extra
Körfez,subtype,subtype_triplex,786,6,0.007633587786259542,0.0,unmapped_extra
Körfez,transport,transport_airport,786,20,0.02544529262086514,0.0,ok
Körfez,transport,transport_bus_stop,786,414,0.5267175572519084,0.0,ok
Körfez,transport,transport_e5,786,319,0.405852417302799,0.0,ok
Körfez,transport,transport_main_road,786,424,0.539440203562341,0.0,ok
Körfez,transport,transport_metro,786,32,0.04071246819338423,0.0,ok
Körfez,transport,transport_minibus,786,365,0.4643765903307888,0.0,ok
Körfez,transport,transport_tem,786,128,0.1628498727735369,0.0,ok
Körfez,transport,transport_train,786,73,0.09287531806615776,0.0,ok
Körfez,transport,transport_tram,786,20,0.02544529262086514,0.0,ok
Körfez,view,view_bosphorus,786,7,0.008905852417302799,0.0,ok
Körfez,view,view_city,786,304,0.38676844783715014,0.0,ok
Körfez,view,view_lake,786,1,0.001272264631043257,0.0,ok
Körfez,view,view_nature,786,155,0.19720101781170485,0.0,ok
Körfez,view,view_park_green,786,192,0.24427480916030533,0.0,ok
Körfez,view,view_pool,786,5,0.006361323155216285,0.0,ok
Körfez,view,view_river,786,0,0.0,0.0,ok
Körfez,view,view_sea,786,115,0.14631043256997456,0.0,ok
Çayırova,front,front_east,1234,440,0.3565640194489465,0.0,ok
Çayırova,front,front_north,1234,197,0.15964343598055106,0.0,ok
Çayırova,front,front_south,1234,678,0.5494327390599676,0.0,ok
Çayırova,front,front_west,1234,316,0.2560777957860616,0.0,ok
Çayırova,inside,in_air_conditioner,1234,29,0.023500810372771474,0.0,ok
Çayırova,inside,in_builtin_kitchen,1234,148,0.11993517017828201,0.0,ok
Çayırova,inside,in_dressing_room,1234,33,0.02674230145867099,0.0,ok
Çayırova,inside,in_fiber,1234,247,0.20016207455429497,0.0,ok
Çayırova,inside,in_glass_balcony,1234,63,0.051053484602917344,0.0,ok
Çayırova,inside,in_heat_glass,1234,315,0.2552674230145867,0.0,ok
Çayırova,inside,in_intercom,1234,369,0.29902755267423015,0.0,ok
Çayırova,inside,in_laminate_floor,1234,488,0.39546191247974066,0.0,ok
Çayırova,inside,in_pantry,1234,46,0.03727714748784441,0.0,ok
Çayırova,inside,in_parent_bathroom,1234,77,0.06239870340356564,0.0,ok
Çayırova,inside,in_pvc,1234,350,0.28363047001620745,0.0,ok
Çayırova,inside,in_smart_home,1234,37,0.029983792544570502,0.0,ok
Çayırova,inside,in_steel_door,1234,556,0.4505672609400324,0.0,ok
Çayırova,inside,in_terrace,1234,141,0.11426256077795786,0.0,ok
Çayırova,nearby,near_city_center,1234,575,0.4659643435980551,0.0,ok
Çayırova,nearby,near_hospital,1234,654,0.5299837925445705,0.0,ok
Çayırova,nearby,near_lake_zero,1234,21,0.017017828200972446,0.0,ok
Çayırova,nearby,near_mall,1234,443,0.35899513776337116,0.0,ok
Çayırova,nearby,near_market,1234,666,0.539708265802269,0.0,ok
Çayırova,nearby,near_mosque,1234,629,0.5097244732576985,0.0,ok
Çayırova,nearby,near_park,1234,596,0.4829821717990275,0.0,ok
Çayırova,nearby,near_pharmacy,1234,620,0.5024311183144247,0.0,ok
Çayırova,nearby,near_school,1234,672,0.5445705024311183,0.0,ok
Çayırova,nearby,near_sea_zero,1234,27,0.02188006482982172,0.0,ok
Çayırova,nearby,near_university,1234,233,0.18881685575364668,0.0,ok
Çayırova,outside,out_camera,1234,182,0.14748784440842788,0.0,ok
Çayırova,outside,out_children_playground,1234,145,0.11750405186385737,0.0,ok
Çayırova,outside,out_closed_pool,1234,42,0.03403565640194489,0.0,ok
Çayırova,outside,out_generator,1234,51,0.041329011345218804,0.0,ok
Çayırova,outside,out_heat_insulation,1234,499,0.40437601296596437,0.0,ok
Çayırova,outside,out_hydrofor,1234,132,0.10696920583468396,0.0,ok
Çayırova,outside,out_open_pool,1234,67,0.05429497568881685,0.0,ok
Çayırova,outside,out_pool,1234,76,0.06158833063209076,0.0,ok
Çayırova,outside,out_sauna_hamam,1234,37,0.029983792544570502,0.0,ok
Çayırova,outside,out_security,1234,103,0.08346839546191248,0.0,ok
Çayırova,outside,out_sound_insulation,1234,394,0.3192868719611021,0.0,ok
Çayırova,outside,out_sports_area,1234,102,0.08265802269043761,0.0,ok
Çayırova,subtype,subtype_duplex,1234,313,0.25364667747163694,0.0,unmapped_extra
Çayırova,subtype,subtype_garden_duplex,1234,49,0.03970826580226904,0.0,unmapped_extra
Çayırova,subtype,subtype_middle_floor,1234,411,0.33306320907617504,0.0,unmapped_extra
Çayırova,subtype,subtype_reverse_duplex,1234,69,0.055915721231766614,0.0,unmapped_extra
Çayırova,subtype,subtype_roof_duplex,1234,124,0.10048622366288493,0.0,unmapped_extra
Çayırova,subtype,subtype_top_floor,1234,57,0.046191247974068074,0.0,unmapped_extra
Çayırova,subtype,subtype_triplex,1234,11,0.008914100486223663,0.0,unmapped_extra
Çayırova,transport,transport_airport,1234,184,0.14910858995137763,0.0,ok
Çayırova,transport,transport_bus_stop,1234,629,0.5097244732576985,0.0,ok
Çayırova,transport,transport_e5,1234,380,0.3079416531604538,0.0,ok
Çayırova,transport,transport_main_road,1234,610,0.49432739059967584,0.0,ok
Çayırova,transport,transport_metro,1234,327,0.26499189627228525,0.0,ok
Çayırova,transport,transport_minibus,1234,538,0.4359805510534846,0.0,ok
Çayırova,transport,transport_tem,1234,222,0.17990275526742303,0.0,ok
Çayırova,transport,transport_train,1234,132,0.10696920583468396,0.0,ok
Çayırova,transport,transport_tram,1234,37,0.029983792544570502,0.0,ok
Çayırova,view,view_bosphorus,1234,15,0.012155591572123177,0.0,ok
Çayırova,view,view_city,1234,573,0.46434359805510533,0.0,ok
Çayırova,view,view_lake,1234,13,0.01053484602917342,0.0,ok
Çayırova,view,view_nature,1234,198,0.16045380875202594,0.0,ok
Çayırova,view,view_park_green,1234,363,0.2941653160453809,0.0,ok
Çayırova,view,view_pool,1234,30,0.024311183144246355,0.0,ok
Çayırova,view,view_river,1234,12,0.009724473257698542,0.0,ok
Çayırova,view,view_sea,1234,97,0.07860615883306321,0.0,ok
İzmit,front,front_east,2597,960,0.36965729688101656,0.0,ok
İzmit,front,front_north,2597,647,0.24913361571043513,0.0,ok
İzmit,front,front_south,2597,1286,0.4951867539468618,0.0,ok
İzmit,front,front_west,2597,937,0.3608009241432422,0.0,ok
İzmit,inside,in_air_conditioner,2597,115,0.04428186368887178,0.0,ok
İzmit,inside,in_builtin_kitchen,2597,525,0.20215633423180593,0.0,ok
İzmit,inside,in_dressing_room,2597,93,0.03581055063534848,0.0,ok
İzmit,inside,in_fiber,2597,779,0.2999614940315749,0.0,ok
İzmit,inside,in_glass_balcony,2597,222,0.08548324990373508,0.0,ok
İzmit,inside,in_heat_glass,2597,1017,0.3916056988833269,0.0,ok
İzmit,inside,in_intercom,2597,680,0.2618405852907201,0.0,ok
İzmit,inside,in_laminate_floor,2597,1307,0.503273007316134,0.0,ok
İzmit,inside,in_pantry,2597,174,0.06700038505968425,0.0,ok
İzmit,inside,in_parent_bathroom,2597,274,0.10550635348479014,0.0,ok
İzmit,inside,in_pvc,2597,927,0.3569503273007316,0.0,ok
İzmit,inside,in_smart_home,2597,71,0.027339237581825184,0.0,ok
İzmit,inside,in_steel_door,2597,1476,0.568348093954563,0.0,ok
İzmit,inside,in_terrace,2597,258,0.0993453985367732,0.0,ok
İzmit,nearby,near_city_center,2597,1429,0.5502502887947632,0.0,ok
İzmit,nearby,near_hospital,2597,1708,0.6576819407008087,0.0,ok
İzmit,nearby,near_lake_zero,2597,31,0.011936850211782826,0.0,ok
İzmit,nearby,near_mall,2597,1195,0.46014632268001543,0.0,ok
İzmit,nearby,near_market,2597,1769,0.6811705814401232,0.0,ok
İzmit,nearby,near_mosque,2597,1670,0.6430496726992684,0.0,ok
İzmit,nearby,near_park,2597,1534,0.5906815556411243,0.0,ok
İzmit,nearby,near_pharmacy,2597,1560,0.6006931074316519,0.0,ok
İzmit,nearby,near_school,2597,1734,0.6676934924913361,0.0,ok
İzmit,nearby,near_sea_zero,2597,50,0.019252984212552945,0.0,ok
İzmit,nearby,near_university,2597,943,0.36311128224874856,0.0,ok
İzmit,outside,out_camera,2597,738,0.2841740469772815,0.0,ok
İzmit,outside,out_children_playground,2597,656,0.25259915286869467,0.0,ok
İzmit,outside,out_closed_pool,2597,65,0.02502887947631883,0.0,ok
İzmit,outside,out_generator,2597,117,0.045051983057373894,0.0,ok
İzmit,outside,out_heat_insulation,2597,1265,0.4871005005775895,0.0,ok
İzmit,outside,out_hydrofor,2597,172,0.06623026569118214,0.0,ok
İzmit,outside,out_open_pool,2597,264,0.10165575664227955,0.0,ok
İzmit,outside,out_pool,2597,299,0.11513284559106661,0.0,ok
İzmit,outside,out_sauna_hamam,2597,90,0.0346553715825953,0.0,ok
İzmit,outside,out_security,2597,429,0.16519060454370427,0.0,ok
İzmit,outside,out_sound_insulation,2597,816,0.31420870234886406,0.0,ok
İzmit,outside,out_sports_area,2597,356,0.13708124759337698,0.0,ok
İzmit,subtype,subtype_duplex,2597,556,0.21409318444358877,0.0,unmapped_extra
İzmit,subtype,subtype_garden_duplex,2597,143,0.05506353484790143,0.0,unmapped_extra
İzmit,subtype,subtype_middle_floor,2597,1079,0.4154793993068926,0.0,unmapped_extra
İzmit,subtype,subtype_reverse_duplex,2597,49,0.018867924528301886,0.0,unmapped_extra
İzmit,subtype,subtype_roof_duplex,2597,314,0.1209087408548325,0.0,unmapped_extra
İzmit,subtype,subtype_top_floor,2597,236,0.0908740854832499,0.0,unmapped_extra
İzmit,subtype,subtype_triplex,2597,10,0.003850596842510589,0.0,unmapped_extra
İzmit,transport,transport_airport,2597,77,0.029649595687331536,0.0,ok
İzmit,transport,transport_bus_stop,2597,1668,0.6422795533307663,0.0,ok
İzmit,transport,transport_e5,2597,897,0.34539853677319987,0.0,ok
İzmit,transport,transport_main_road,2597,1497,0.5764343473238351,0.0,ok
İzmit,transport,transport_metro,2597,152,0.058529072006160955,0.0,ok
İzmit,transport,transport_minibus,2597,1508,0.5806700038505969,0.0,ok
İzmit,transport,transport_tem,2597,406,0.15633423180592992,0.0,ok
İzmit,transport,transport_train,2597,254,0.09780515979976896,0.0,ok
İzmit,transport,transport_tram,2597,819,0.31536388140161725,0.0,ok
İzmit,view,view_bosphorus,2597,17,0.006546014632268001,0.0,ok
İzmit,view,view_city,2597,1395,0.5371582595302272,0.0,ok
İzmit,view,view_lake,2597,67,0.025798998844820946,0.0,ok
İzmit,view,view_nature,2597,776,0.2988063149788217,0.0,ok
İzmit,view,view_park_green,2597,1068,0.4112437427801309,0.0,ok
İzmit,view,view_pool,2597,97,0.03735078937235271,0.0,ok
İzmit,view,view_river,2597,5,0.0019252984212552945,0.0,ok
İzmit,view,view_sea,2597,498,0.19175972275702735,0.0,ok
