feature,importance,rank
num__location_baseline_log,0.009512334170428892,1
num__location_baseline_m2,0.009159328606542089,2
num__bearing_from_district_centroid_cos,0.007092407102140071,3
num__location_baseline_vs_trend,0.007051166589949788,4
num__bearing_from_district_centroid_sin,0.006537911652948102,5
num__attr_quality_x_location_baseline,0.005978714703128745,6
num__lat_centered_county,0.00555006521803319,7
num__distance_to_geo_cluster_center_m,0.005467672485671206,8
num__distance_to_district_centroid_m,0.005382224813652061,9
num__distance_to_county_centroid_m,0.005027046612821199,10
num__bearing_from_county_centroid_sin,0.00487729699015995,11
num__bearing_from_county_centroid_cos,0.004857041934888645,12
num__lon_centered_county,0.004052087916148249,13
num__location_baseline_count,0.004005090425143371,14
num__distance_to_karamursel_center_m,0.0039040821185390992,15
num__distance_to_coast_x_view_sea,0.0029790168516683284,16
num__lat_centered_city,0.0027065908988507816,17
num__lat,0.0026084029225358794,18
num__detail_effect_view_x_location_baseline,0.0025871629184839083,19
num__distance_to_golcuk_center_m,0.002564836380783918,20
num__distance_to_coast_x_site_inside,0.0024381975068351685,21
num__distance_to_izmit_center_m,0.002248750104853368,22
num__distance_to_coastline_inv,0.002245597051298963,23
num__distance_to_coastline_m,0.002238196810841345,24
num__location_baseline_level_code,0.0021893633526956007,25
num__demo_population_density,0.0020004600942879662,26
num__distance_to_coast_x_large_home,0.0016974005310178137,27
num__transport_score,0.0016611562516986576,28
num__distance_to_kullar_m,0.0016594121129763428,29
num__location_quality_x_detail_effect_total,0.0016537016557290562,30
num__demo_pharmacy_per_10k,0.0016476699577379927,31
num__distance_to_sahil_m,0.0016301658131421348,32
num__demo_high_school_diff_county,0.001624102683669549,33
num__distance_to_basiskele_coast_m,0.0016140654232303779,34
num__lon_centered_city,0.0016111788939846764,35
num__lon,0.001602575936937618,36
num__distance_to_bahcecik_m,0.001579941247404618,37
num__distance_to_yuvacik_m,0.00147561840756475,38
num__is_small_flat,0.0013038292010034054,39
num__demo_education_high_school_ratio,0.0011512509858367626,40
num__distance_to_coast_x_near_sea_zero,0.0009796072750714155,41
num__demo_pharmacy_count,0.0008941714725641588,42
num__is_large_flat,0.0007710541985958511,43
num__demo_education_primary_school_ratio,0.0007690414028016202,44
num__demo_education_middle_school_count,0.0007342469105197344,45
num__demo_education_primary_school_count,0.0006773339304690734,46
cat__geo_cluster_x_room_count_city_2||3+1,0.0006051123559003989,47
num__demo_education_high_school_count,0.0005767450398869468,48
cat__geo_cluster_x_room_count_city_0||3+1,0.0005667106139938362,49
cat__coast_distance_bucket_1000_3000,0.0005459118505449535,50
num__demo_education_middle_school_ratio,0.0005447010120434241,51
cat__basiskele_geo_cluster_x_m2_group_Başiskele_0||200+,0.0005346911157705643,52
cat__geo_cluster_city_city_1,0.000531107795269948,53
cat__geo_cluster_x_room_count_city_1||3+1,0.0005294501869150815,54
cat__coast_distance_bucket_3000_plus,0.0005280505104427801,55
cat__geo_cluster_x_room_count_city_6||3+1,0.0005253749493748458,56
num__demo_population_female,0.0004921059496343082,57
cat__geo_cluster_x_room_count_city_0||4+1,0.00044411237165462155,58
cat__coast_distance_bucket_500_1000,0.00043516192180950274,59
num__demo_population_total,0.000414550109493217,60
cat__geo_cluster_x_room_count_city_10||3+1,0.0003838655356012297,61
cat__geo_cluster_x_room_count_city_6||4+1,0.000378665569518894,62
num__demo_population_male,0.00036180737605210006,63
cat__geo_cluster_city_city_6,0.0003597495680559155,64
cat__geo_cluster_x_room_count_city_0||2+1,0.0003581326757467587,65
cat__geo_cluster_city_city_10,0.00030300491958463885,66
cat__geo_cluster_x_room_count_city_9||3+1,0.0003029848685950526,67
cat__geo_cluster_city_city_2,0.0002909486030578808,68
num__county_demo_education_high_school_ratio_mean,0.00029056555545969973,69
cat__geo_cluster_county_other,0.00028850900306654186,70
cat__geo_cluster_x_room_count_missing||3+1,0.0002882067158340271,71
cat__geo_cluster_x_room_count_city_6||2+1,0.00026153058580721263,72
cat__geo_cluster_county_İzmit_1,0.00024212892817212557,73
cat__geo_cluster_x_room_count_city_2||2+1,0.00023921763222836838,74
cat__coast_distance_bucket_0_500,0.0002379554669219325,75
cat__geo_cluster_x_room_count_city_1||2+1,0.00023604318099325211,76
cat__geo_cluster_city_city_0,0.00023556299580610091,77
cat__geo_cluster_x_room_count_city_2||4+1,0.0002349463438772126,78
cat__geo_cluster_county_İzmit_2,0.00023343523489305934,79
num__county_demo_population_density_median,0.00023136759159933935,80
cat__geo_cluster_x_room_count_city_9||2+1,0.0002306550029066167,81
cat__geo_cluster_x_room_count_city_4||3+1,0.00022829895319806702,82
cat__geo_cluster_county_İzmit_3,0.0002258143648065055,83
num__basiskele_distance_to_coast_x_large_home,0.00022507443655794598,84
num__basiskele_lat_lon_interaction,0.00022070636633917263,85
num__basiskele_premium_x_location_baseline,0.00021519871596467765,86
cat__geo_cluster_x_room_count_city_7||2+1,0.00021161896400138407,87
cat__geo_cluster_x_room_count_city_10||2+1,0.0002110019610968718,88
cat__geo_cluster_x_room_count_city_7||3+1,0.00021008847746519513,89
cat__geo_cluster_county_Gölcük_3,0.0001985422814422017,90
num__county_demo_population_density_mean,0.00019701767820535726,91
cat__geo_cluster_x_room_count_city_8||3+1,0.0001935531689164021,92
num__basiskele_distance_to_coast_x_quality,0.00018986733859913227,93
num__county_demo_population_total_sum,0.00017865118000818026,94
cat__geo_cluster_x_room_count_missing||2+1,0.00017776468744415668,95
cat__geo_cluster_x_room_count_city_9||4+1,0.00017719704630504251,96
cat__geo_cluster_county_İzmit_0,0.00017299388719168337,97
num__county_demo_pharmacy_count_sum,0.0001698565443906312,98
cat__geo_cluster_x_room_count_city_11||3+1,0.0001630183536408606,99
cat__geo_cluster_county_Gölcük_1,0.00015719662915586048,100
cat__geo_cluster_city_city_5,0.0001538501956284148,101
cat__geo_cluster_x_room_count_city_4||2+1,0.00013689168717253758,102
cat__geo_cluster_city_city_11,0.00012940055822219704,103
cat__geo_cluster_city_city_7,0.00012627707876143943,104
cat__geo_cluster_county_İzmit_4,0.00012601532191501875,105
cat__geo_cluster_x_room_count_city_2||1+1,0.00011281560789834105,106
cat__geo_cluster_x_room_count_city_5||3+1,0.00011004491530096916,107
cat__basiskele_geo_cluster_x_m2_group_Başiskele_5||151-200,0.00010627224035848142,108
cat__geo_cluster_x_room_count_city_5||2+1,0.00010536234613433219,109
cat__geo_cluster_city_city_9,0.00010475548826773662,110
cat__basiskele_geo_cluster_x_m2_group_Başiskele_0||126-150,9.891310661793659e-05,111
cat__geo_cluster_city_city_8,9.851861875851974e-05,112
cat__basiskele_geo_cluster_Başiskele_5,9.575250506336071e-05,113
cat__geo_cluster_city_city_3,9.258177292075552e-05,114
cat__geo_cluster_county_Başiskele_0,9.088166764282514e-05,115
cat__basiskele_geo_cluster_x_m2_group_Başiskele_4||126-150,8.904470836316718e-05,116
cat__basiskele_geo_cluster_x_m2_group_Başiskele_4||200+,8.892007531354794e-05,117
cat__geo_cluster_x_room_count_city_8||4+1,8.655218718764629e-05,118
cat__basiskele_geo_cluster_x_m2_group_Başiskele_0||151-200,8.240070103905673e-05,119
cat__basiskele_geo_cluster_Başiskele_0,8.238751737383638e-05,120
cat__geo_cluster_county_Başiskele_5,8.142334111511628e-05,121
cat__geo_cluster_x_room_count_city_3||3+1,8.119893452606895e-05,122
cat__geo_cluster_county_Gölcük_0,8.016999068021557e-05,123
cat__geo_cluster_city_city_4,7.753440735855643e-05,124
cat__basiskele_geo_cluster_x_m2_group_Başiskele_3||101-125,7.654946265594904e-05,125
cat__geo_cluster_x_room_count_city_7||4+1,7.620203541606357e-05,126
cat__geo_cluster_county_İzmit_5,6.646150562718575e-05,127
cat__geo_cluster_x_room_count_city_0||1+1,6.634106497494796e-05,128
cat__geo_cluster_x_room_count_city_8||2+1,6.080221513135833e-05,129
cat__basiskele_geo_cluster_x_m2_group_Başiskele_3||126-150,5.573075242675764e-05,130
cat__basiskele_geo_cluster_x_m2_group_other||101-125,5.544747240867582e-05,131
cat__geo_cluster_county_Başiskele_4,5.482004549887973e-05,132
cat__basiskele_geo_cluster_Başiskele_4,5.3134151564049685e-05,133
cat__geo_cluster_x_room_count_missing||1+1,5.096611851261835e-05,134
cat__basiskele_geo_cluster_Başiskele_3,4.788150119491602e-05,135
cat__basiskele_geo_cluster_x_m2_group_Başiskele_3||151-200,4.778109500109432e-05,136
cat__basiskele_geo_cluster_x_m2_group_Başiskele_4||101-125,4.6810998261901175e-05,137
num__location_precision_missing,4.486261166176639e-05,138
cat__geo_cluster_county_Başiskele_3,4.474528619899515e-05,139
cat__geo_cluster_city_missing,4.220259893529638e-05,140
cat__location_source_missing,4.2054449558391924e-05,141
cat__coast_distance_bucket_missing,4.1799909625602615e-05,142
cat__geo_cluster_x_room_count_city_10||4+1,4.162537688886255e-05,143
cat__basiskele_geo_cluster_x_m2_group_Başiskele_4||151-200,4.092688710783353e-05,144
cat__location_precision_missing,4.075852883697672e-05,145
num__location_backfill_listing_removed,4.0341871721786754e-05,146
cat__geo_cluster_x_room_count_city_6||5+2,3.9415446789696435e-05,147
cat__basiskele_geo_cluster_x_m2_group_other||76-100,3.913609503786284e-05,148
num__location_source_data_attr_map,3.83747343822414e-05,149
cat__location_precision_exact_map,3.8234078009447616e-05,150
num__has_lat_lon,3.8201927987624626e-05,151
num__location_backfill_ok,3.8061321354918845e-05,152
num__coast_distance_bucket_code,3.805581085074275e-05,153
cat__location_source_data_attr_map,3.7902871918664355e-05,154
num__location_quality_score,3.774388235849781e-05,155
cat__geo_cluster_x_room_count_city_3||2+1,3.641389457667595e-05,156
num__location_precision_exact,3.630117565952829e-05,157
cat__geo_cluster_x_room_count_city_11||2+1,3.5820957231441545e-05,158
num__geo_context_has_exact_location,3.4188161355960384e-05,159
num__geo_context_missing,3.360570239447658e-05,160
cat__basiskele_geo_cluster_x_m2_group_Başiskele_5||101-125,3.238249333145848e-05,161
cat__geo_cluster_x_room_count_city_2||Stüdyo (1+0),3.2292772042031855e-05,162
num__geo_context_has_approx_location,3.1524313190176984e-05,163
cat__geo_cluster_county_Başiskele_2,3.0528360685558314e-05,164
cat__geo_cluster_x_room_count_city_3||4+1,3.032595506581449e-05,165
cat__geo_cluster_x_room_count_city_4||4+1,2.9529395895905314e-05,166
cat__geo_cluster_x_room_count_city_0||5+1,2.9289956598909108e-05,167
cat__geo_cluster_x_room_count_city_9||5+1,2.8636582611675224e-05,168
cat__geo_cluster_x_room_count_city_6||5+1,2.8252855184243898e-05,169
cat__geo_cluster_x_room_count_city_1||4+1,2.824120650445742e-05,170
num__site_tier_x_coast_inv,2.7555133566418677e-05,171
cat__basiskele_geo_cluster_Başiskele_2,2.5919209840047702e-05,172
cat__geo_cluster_county_Gölcük_2,2.5062580872834026e-05,173
cat__geo_cluster_x_room_count_city_7||1+1,2.4310716617724623e-05,174
cat__basiskele_geo_cluster_x_m2_group_Başiskele_2||151-200,2.3183191512166715e-05,175
cat__basiskele_geo_cluster_other,2.2387695542236058e-05,176
cat__basiskele_geo_cluster_x_m2_group_Başiskele_2||76-100,2.2377970005857385e-05,177
cat__basiskele_geo_cluster_x_m2_group_Başiskele_5||126-150,2.148966749483972e-05,178
cat__basiskele_geo_cluster_x_m2_group_Başiskele_0||101-125,2.111177949680599e-05,179
cat__basiskele_geo_cluster_x_m2_group_other||126-150,2.039159968769608e-05,180
cat__geo_cluster_x_room_count_city_5||4+1,1.992742474177715e-05,181
cat__geo_cluster_county_Başiskele_1,1.930088218824547e-05,182
cat__basiskele_geo_cluster_x_m2_group_Başiskele_5||76-100,1.868376312050758e-05,183
cat__basiskele_geo_cluster_x_m2_group_Başiskele_3||76-100,1.4860242680051154e-05,184
cat__geo_cluster_x_room_count_city_9||1+1,1.4062387710181938e-05,185
cat__geo_cluster_x_room_count_city_5||5+1,1.2853149342384607e-05,186
cat__geo_cluster_x_room_count_city_0||4+2,1.2619667313538455e-05,187
cat__basiskele_geo_cluster_x_m2_group_other,1.1908342583481537e-05,188
cat__site_project_x_county_basiskele::zeray_korupark__basiskele,1.0991112021825813e-05,189
cat__basiskele_geo_cluster_Başiskele_1,1.080541978599284e-05,190
cat__geo_cluster_x_room_count_city_11||4+1,1.019338436727165e-05,191
cat__geo_cluster_x_room_count_city_6||4+2,9.94455473299329e-06,192
cat__geo_cluster_x_room_count_city_0||3+2,9.522365739241933e-06,193
cat__site_project_x_county_derince::olivia_park__derince,9.10546698685145e-06,194
cat__basiskele_geo_cluster_x_m2_group_Başiskele_2||101-125,8.46012002362751e-06,195
cat__basiskele_geo_cluster_x_m2_group_Başiskele_1||76-100,8.324191799452546e-06,196
cat__geo_cluster_x_room_count_city_1||1+1,8.012266278651734e-06,197
cat__basiskele_geo_cluster_x_m2_group_Başiskele_0||76-100,7.585071328441279e-06,198
cat__geo_cluster_x_room_count_missing||4+1,7.4736236548867795e-06,199
cat__geo_cluster_x_room_count_city_3||1+1,7.323222420389096e-06,200
cat__geo_cluster_x_room_count_city_2||5+1,6.26688596661893e-06,201
cat__geo_cluster_x_room_count_city_6||1+1,6.0934150502132475e-06,202
cat__geo_cluster_x_room_count_city_1||5+1,5.938395543670879e-06,203
cat__basiskele_geo_cluster_x_m2_group_Başiskele_2||0-75,5.923646043452362e-06,204
cat__basiskele_geo_cluster_x_m2_group_Başiskele_2||126-150,5.832018767610251e-06,205
cat__site_project_x_county_derince::yelkent_korupark__derince,5.347853195715406e-06,206
cat__basiskele_geo_cluster_x_m2_group_Başiskele_1||126-150,5.280751926384014e-06,207
cat__basiskele_geo_cluster_x_m2_group_other||151-200,4.141153823822828e-06,208
cat__basiskele_geo_cluster_x_m2_group_Başiskele_3||0-75,3.932099616821029e-06,209
cat__basiskele_geo_cluster_x_m2_group_Başiskele_3||200+,3.781611522717577e-06,210
cat__basiskele_geo_cluster_x_m2_group_Başiskele_4||0-75,3.455365088584555e-06,211
cat__geo_cluster_x_room_count_city_9||2.5+1,3.0375151067291803e-06,212
cat__basiskele_geo_cluster_x_m2_group_Başiskele_1||101-125,2.9892066142708733e-06,213
cat__geo_cluster_x_room_count_city_4||1+1,2.780955620091346e-06,214
cat__site_project_x_county_korfez::turkoz_park__korfez,2.652923790259085e-06,215
cat__site_project_id_county_scoped_izmit::golpark_star_life,2.6488039211493498e-06,216
cat__geo_cluster_x_room_count_city_0||5+2,2.6350016858551143e-06,217
cat__basiskele_geo_cluster_x_m2_group_Başiskele_5||200+,2.6210230999021744e-06,218
cat__basiskele_geo_cluster_x_m2_group_Başiskele_1||151-200,2.591503576139506e-06,219
cat__site_project_x_county_kartepe::dorukpark__kartepe,2.543782936316881e-06,220
cat__geo_cluster_x_room_count_city_6||3+2,2.3223696930279577e-06,221
cat__geo_cluster_x_room_count_city_10||5+2,2.2966682793690923e-06,222
cat__site_project_x_county_gebze::gavize_park__gebze,2.166175496011045e-06,223
cat__basiskele_geo_cluster_x_m2_group_Başiskele_4||76-100,1.8384553798225788e-06,224
cat__site_project_x_county_izmit::golpark_star_life__izmit,1.7978632605823914e-06,225
cat__geo_cluster_x_room_count_city_10||4+2,1.3548689905499386e-06,226
cat__site_project_x_county_izmit::golden_park__izmit,1.2065895755043836e-06,227
cat__site_project_x_county_izmit::iztop_park__izmit,1.1864774790932343e-06,228
cat__geo_cluster_x_room_count_city_6||6+1,1.0796620614082842e-06,229
cat__geo_cluster_x_room_count_city_0||7+1,1.0777488667676616e-06,230
cat__duplex_x_site_project_duplex__basiskele::ustpark_afraze,9.9728125047269e-07,231
cat__geo_cluster_x_room_count_city_5||5+2,9.666366358438375e-07,232
cat__geo_cluster_x_room_count_city_9||3+2,8.984099088917563e-07,233
cat__site_project_x_county_izmit::alan_park__izmit,7.442336423494186e-07,234
cat__site_project_id_izmit::golpark_star_life,6.845984465946736e-07,235
cat__site_project_id_basiskele::ustpark_afraze,6.564345591425608e-07,236
cat__site_project_x_county_basiskele::mavi_yesil_park__basiskele,6.472250786309784e-07,237
cat__geo_cluster_x_room_count_city_8||1+1,5.741457538580526e-07,238
cat__geo_cluster_x_room_count_city_10||1+1,5.408225288139886e-07,239
cat__site_project_id_county_scoped_basiskele::ustpark_afraze,5.36194582249261e-07,240
cat__geo_cluster_x_room_count_city_11||5+1,4.6766839904743217e-07,241
cat__geo_cluster_x_room_count_city_5||1+1,4.602515537790478e-07,242
cat__site_project_id_county_scoped_basiskele::alizepark_city,4.0876622713900864e-07,243
cat__duplex_x_site_project_duplex__basiskele::ust_park_yuvacik,4.0449734727103944e-07,244
cat__basiskele_geo_cluster_x_m2_group_Başiskele_1||200+,3.9067946505013664e-07,245
cat__basiskele_geo_cluster_x_m2_group_Başiskele_2||200+,3.881242373760208e-07,246
cat__geo_cluster_x_room_count_city_6||4.5+1,3.878895402326709e-07,247
cat__geo_cluster_x_room_count_city_7||5+1,3.8634491975175435e-07,248
cat__geo_cluster_x_room_count_city_1||6+1,3.7250908391548703e-07,249
cat__geo_cluster_x_room_count_city_1||4+2,3.574452375264508e-07,250
cat__basiskele_geo_cluster_x_m2_group_other||200+,3.2575336211026504e-07,251
cat__geo_cluster_x_room_count_city_10||5+1,3.175506097028934e-07,252
cat__geo_cluster_x_room_count_city_0||6+1,3.151894262760625e-07,253
cat__geo_cluster_x_room_count_city_11||1+1,3.100081580208195e-07,254
cat__basiskele_geo_cluster_x_m2_group_other||0-75,2.6631450871180663e-07,255
cat__site_project_id_county_scoped_izmit::guney_park_cayirkoy,2.534262312063689e-07,256
cat__geo_cluster_x_room_count_city_0||Stüdyo (1+0),1.943708425204463e-07,257
cat__geo_cluster_x_room_count_city_6||6+2,1.7965009885301108e-07,258
cat__site_project_x_county_izmit::erenkaya_park__izmit,1.659124489056579e-07,259
cat__site_project_id_county_scoped_izmit::lilyum_park_4,1.5870737659541385e-07,260
cat__site_project_x_county_izmit::guney_park_cayirkoy__izmit,1.3866244964686007e-07,261
cat__geo_cluster_x_room_count_city_1||3+2,1.376105681742626e-07,262
cat__geo_cluster_x_room_count_city_8||5+1,1.2932876496774734e-07,263
cat__site_project_x_county_derince::yildirim_park__derince,1.2631411586304414e-07,264
cat__site_project_x_county_basiskele::alizepark_city__basiskele,1.2479329411787573e-07,265
cat__basiskele_geo_cluster_x_m2_group_Başiskele_1||0-75,1.1693741317050722e-07,266
cat__geo_cluster_x_room_count_city_9||6+1,1.1469101473186462e-07,267
cat__site_project_id_county_scoped_basiskele::ustpark_yuvacik,1.142831596540346e-07,268
cat__site_project_x_county_izmit::vesta_park__izmit,1.0867549839049445e-07,269
cat__site_project_x_county_basiskele::ustpark_yuvacik__basiskele,1.0491895329356507e-07,270
cat__site_project_x_county_izmit::iztop_park_evleri_831_ada__izmit,1.0017012713074202e-07,271
cat__geo_cluster_x_room_count_city_11||2.5+1,9.882660405852562e-08,272
cat__site_project_id_izmit::lilyum_park_4,9.817598740762093e-08,273
cat__site_project_id_izmit::iztop_park_evleri_831_ada,8.33810165029071e-08,274
cat__geo_cluster_x_room_count_city_2||4+2,8.040908141192707e-08,275
cat__site_project_x_county_izmit::doga_park__izmit,7.830175138673021e-08,276
cat__geo_cluster_x_room_count_city_11||4+2,7.13532012729711e-08,277
cat__site_project_id_basiskele::alizepark_city,7.095997058298512e-08,278
cat__geo_cluster_x_room_count_city_2||6+1,6.214282601541472e-08,279
cat__geo_cluster_x_room_count_city_3||5+1,5.9164825726917244e-08,280
cat__geo_cluster_x_room_count_city_0||2.5+1,4.930223475976773e-08,281
cat__site_project_x_county_basiskele::elitium_park__basiskele,4.772637293461563e-08,282
cat__site_project_x_county_basiskele::ustpark_afraze__basiskele,4.2675600173837044e-08,283
cat__site_project_id_county_scoped_izmit::iztop_park_evleri_831_ada,3.6619103687507786e-08,284
cat__site_project_id_basiskele::ust_park_atakent,3.1881974242639925e-08,285
cat__site_project_x_county_basiskele::ust_park_yuvacik__basiskele,1.3323672265631189e-08,286
cat__site_project_x_county_kartepe::pasa_park_evleri_12__kartepe,1.2116044164457808e-08,287
cat__site_project_x_county_basiskele::esila_park__basiskele,1.132627634085325e-08,288
cat__site_project_x_county_izmit::humeyra_park__izmit,9.462716595080955e-09,289
cat__geo_cluster_x_room_count_city_7||1.5+1,6.412883101745978e-09,290
cat__site_project_id_county_scoped_kartepe::pasa_park_evleri_12,4.7065463395506224e-09,291
cat__geo_cluster_x_room_count_missing||5+1,4.323789880772855e-09,292
cat__site_project_id_kartepe::pasa_park_evleri_12,2.6672908374172855e-09,293
cat__geo_cluster_x_room_count_city_9||4+2,1.9767307638352446e-09,294
cat__site_project_x_county_basiskele::akademik_elit_park__basiskele,1.5224246097102941e-09,295
cat__geo_cluster_x_room_count_city_0||2+2,0.0,296
num__is_coastal_2000m,0.0,297
cat__geo_cluster_x_room_count_city_11||3.5+1,0.0,298
cat__geo_cluster_x_room_count_city_10||6+1,0.0,299
cat__geo_cluster_x_room_count_city_10||4.5+1,0.0,300
cat__geo_cluster_x_room_count_city_10||3.5+1,0.0,301
cat__geo_cluster_x_room_count_city_10||3+2,0.0,302
cat__geo_cluster_x_room_count_city_10||2.5+1,0.0,303
cat__geo_cluster_x_room_count_city_10||2+2,0.0,304
num__distance_to_sea_m,0.0,305
cat__geo_cluster_x_room_count_city_0||6+2,0.0,306
cat__geo_cluster_x_room_count_city_0||5.5+1,0.0,307
cat__geo_cluster_x_room_count_city_0||4.5+1,0.0,308
cat__geo_cluster_x_room_count_city_0||3.5+1,0.0,309
num__location_precision_approx,0.0,310
cat__geo_cluster_x_room_count_city_7||3+2,0.0,311
cat__geo_cluster_x_room_count_city_7||2.5+1,0.0,312
cat__geo_cluster_x_room_count_city_7||2+2,0.0,313
cat__site_project_id_basiskele::ustpark_yuvacik,0.0,314
cat__site_project_id_basiskele::ust_park_yuvacik,0.0,315
cat__site_project_id_basiskele::torunogullari_park_2,0.0,316
cat__site_project_id_basiskele::supark_megaron,0.0,317
cat__site_project_id_basiskele::platinium,0.0,318
cat__location_source_district_text,0.0,319
cat__location_precision_district_only,0.0,320
cat__geo_cluster_x_room_count_missing||Stüdyo (1+0),0.0,321
cat__geo_cluster_x_room_count_missing||7+1,0.0,322
cat__site_project_id_county_scoped_golcuk::supark_arcadia,0.0,323
cat__site_project_id_county_scoped_golcuk::full_tadilatli_17000tl_kiracili,0.0,324
cat__site_project_id_county_scoped_golcuk::baris_park_evleri_1,0.0,325
cat__site_project_id_county_scoped_derince::polat,0.0,326
cat__site_project_id_county_scoped_cayirova::park_panoramo,0.0,327
cat__site_project_id_county_scoped_cayirova::eng_park_esdiva,0.0,328
cat__site_project_id_county_scoped_basiskele::ust_park_yuvacik,0.0,329
cat__site_project_id_county_scoped_basiskele::ust_park_atakent,0.0,330
cat__site_project_id_county_scoped_basiskele::torunogullari_park_2,0.0,331
cat__site_project_id_county_scoped_basiskele::supark_megaron,0.0,332
cat__site_project_id_county_scoped_basiskele::platinium,0.0,333
cat__site_project_id_cayirova::park_panoramo,0.0,334
cat__site_project_id_cayirova::eng_park_esdiva,0.0,335
cat__geo_cluster_x_room_count_city_6||Stüdyo (1+0),0.0,336
cat__geo_cluster_x_room_count_city_6||7+1,0.0,337
cat__geo_cluster_x_room_count_city_6||5.5+1,0.0,338
cat__geo_cluster_x_room_count_city_6||5+3,0.0,339
cat__geo_cluster_x_room_count_city_6||3.5+1,0.0,340
cat__geo_cluster_x_room_count_city_6||2.5+1,0.0,341
cat__site_project_id_golcuk::full_tadilatli_17000tl_kiracili,0.0,342
cat__site_project_id_golcuk::baris_park_evleri_1,0.0,343
cat__site_project_id_derince::polat,0.0,344
cat__site_project_id_county_scoped_korfez::petkim_park_turkoz_2015,0.0,345
cat__site_project_id_county_scoped_kartepe::pasapark_evleri_12,0.0,346
cat__site_project_id_county_scoped_kartepe::pasa_park_evleri_13,0.0,347
cat__site_project_id_county_scoped_izmit::respark_3,0.0,348
cat__site_project_id_county_scoped_izmit::lilyum_park_3,0.0,349
cat__site_project_id_county_scoped_izmit::lilyum_park_2,0.0,350
cat__site_project_id_county_scoped_izmit::akasya_park_evleri_2,0.0,351
cat__site_project_id_county_scoped_golcuk::supark_royal,0.0,352
cat__site_project_id_korfez::petkim_park_turkoz_2015,0.0,353
cat__site_project_id_kartepe::pasapark_evleri_12,0.0,354
cat__site_project_id_kartepe::pasa_park_evleri_13,0.0,355
cat__site_project_id_izmit::respark_3,0.0,356
cat__site_project_id_izmit::lilyum_park_3,0.0,357
cat__site_project_id_izmit::lilyum_park_2,0.0,358
cat__site_project_id_izmit::guney_park_cayirkoy,0.0,359
cat__site_project_id_izmit::akasya_park_evleri_2,0.0,360
cat__site_project_id_golcuk::supark_royal,0.0,361
cat__site_project_id_golcuk::supark_arcadia,0.0,362
cat__site_project_x_county_basiskele::ust_park_atakent__basiskele,0.0,363
cat__site_project_x_county_basiskele::torunogullari_park_2__basiskele,0.0,364
cat__site_project_x_county_basiskele::supark_megaron__basiskele,0.0,365
cat__site_project_x_county_basiskele::royal_park__basiskele,0.0,366
cat__site_project_x_county_basiskele::polen_park__basiskele,0.0,367
cat__site_project_x_county_basiskele::platinium__basiskele,0.0,368
cat__site_project_x_county_basiskele::pera_park__basiskele,0.0,369
cat__site_project_x_county_basiskele::pasadag_mh_de_konsept_talha_park__basiskele,0.0,370
cat__site_project_x_county_basiskele::durupark__basiskele,0.0,371
cat__site_project_x_county_basiskele::duru_park__basiskele,0.0,372
cat__site_project_x_county_basiskele::aurapark__basiskele,0.0,373
cat__site_project_x_county_basiskele::atakent_ustpark__basiskele,0.0,374
cat__site_project_x_county_cayirova::park_panoramo__cayirova,0.0,375
cat__site_project_x_county_cayirova::kose_basi_guney_cepe_onu_park__cayirova,0.0,376
cat__site_project_x_county_cayirova::inonu_mahallesi_hayme_ana_park__cayirova,0.0,377
cat__site_project_x_county_cayirova::eng_park_esdiva__cayirova,0.0,378
cat__site_project_x_county_cayirova::eng_park__cayirova,0.0,379
cat__site_project_x_county_cayirova::cayirova_selale_park__cayirova,0.0,380
cat__site_project_x_county_cayirova::cayirova_inonu_selale_park__cayirova,0.0,381
cat__site_project_x_county_cayirova::cayirova_cagdaskent_park__cayirova,0.0,382
cat__site_project_x_county_cayirova::cati_dubleksi_cayirova_selale_park__cayirova,0.0,383
cat__site_project_x_county_cayirova::cansu_park__cayirova,0.0,384
cat__site_project_x_county_basiskele::yesilyurt_mah_durupark__basiskele,0.0,385
cat__site_project_x_county_basiskele::vistapark__basiskele,0.0,386
cat__site_project_x_county_gebze::gebze_eskihisar_mah_park__gebze,0.0,387
cat__site_project_x_county_gebze::gaziler_de_park__gebze,0.0,388
cat__site_project_x_county_gebze::fatih_devlet_hastane_ve_medical_park__gebze,0.0,389
cat__site_project_x_county_gebze::durupark__gebze,0.0,390
cat__site_project_x_county_gebze::aden_park__gebze,0.0,391
cat__site_project_x_county_derince::polat__derince,0.0,392
cat__site_project_x_county_derince::gada_panorama_park__derince,0.0,393
cat__site_project_x_county_derince::derince_park__derince,0.0,394
cat__site_project_x_county_darica::sifir_park__darica,0.0,395
cat__site_project_x_county_darica::serapark__darica,0.0,396
cat__site_project_x_county_basiskele::naturapark__basiskele,0.0,397
cat__site_project_x_county_cayirova::veffa_gayrimenkul_inonu_selale_park__cayirova,0.0,398
cat__site_project_x_county_golcuk::versay_lilyum_park__golcuk,0.0,399
cat__site_project_x_county_golcuk::tanyildizdan_golcuk_elit_park__golcuk,0.0,400
cat__site_project_x_county_golcuk::supark_royal__golcuk,0.0,401
cat__site_project_x_county_golcuk::supark_arcadia__golcuk,0.0,402
cat__site_project_x_county_golcuk::menekse_park__golcuk,0.0,403
cat__site_project_x_county_golcuk::full_tadilatli_17000tl_kiracili__golcuk,0.0,404
cat__site_project_x_county_golcuk::elit_park__golcuk,0.0,405
cat__site_project_x_county_golcuk::civan_park__golcuk,0.0,406
cat__site_project_x_county_golcuk::cakiroglu_prestij_park__golcuk,0.0,407
cat__site_project_x_county_golcuk::baris_park_evleri_1__golcuk,0.0,408
cat__site_project_x_county_golcuk::azat_park__golcuk,0.0,409
cat__site_project_x_county_gebze::yildiz_park__gebze,0.0,410
cat__site_project_x_county_gebze::vadipark__gebze,0.0,411
cat__site_project_x_county_gebze::safirpark__gebze,0.0,412
cat__site_project_x_county_gebze::guzeller_dr_sadik_ahmet_park__gebze,0.0,413
cat__site_project_x_county_gebze::gebze_park__gebze,0.0,414
cat__geo_cluster_x_room_count_city_5||Stüdyo (1+0),0.0,415
cat__geo_cluster_x_room_count_city_5||6+2,0.0,416
cat__geo_cluster_x_room_count_city_5||6+1,0.0,417
cat__geo_cluster_x_room_count_city_5||4+2,0.0,418
cat__geo_cluster_x_room_count_city_5||4+0,0.0,419
cat__geo_cluster_x_room_count_city_5||3.5+1,0.0,420
cat__geo_cluster_x_room_count_city_5||3+3,0.0,421
cat__geo_cluster_x_room_count_city_5||3+2,0.0,422
cat__geo_cluster_x_room_count_city_5||2.5+1,0.0,423
cat__geo_cluster_x_room_count_city_5||2+2,0.0,424
cat__site_project_x_county_izmit::la_vida_park__izmit,0.0,425
cat__basiskele_geo_cluster_x_m2_group_Başiskele_0||0-75,0.0,426
cat__geo_cluster_x_room_count_city_9||4.5+1,0.0,427
cat__site_project_x_county_izmit::flora_park__izmit,0.0,428
cat__site_project_x_county_izmit::eskidjiden_iztop_park__izmit,0.0,429
cat__site_project_x_county_darica::darica_istasyon_da_park__darica,0.0,430
cat__site_project_x_county_izmit::cepni_corner_park__izmit,0.0,431
cat__site_project_x_county_izmit::cef_city_golpark__izmit,0.0,432
cat__site_project_x_county_izmit::art_yapi_elit_park__izmit,0.0,433
cat__site_project_x_county_izmit::akasya_park_evleri_2__izmit,0.0,434
cat__site_project_x_county_kartepe::pasapark_evleri_12__kartepe,0.0,435
cat__site_project_x_county_kartepe::pasa_park_evleri_13__kartepe,0.0,436
cat__geo_cluster_x_room_count_city_9||3.5+1,0.0,437
cat__site_project_x_county_kartepe::kartepe_serender_park__kartepe,0.0,438
cat__site_project_x_county_kartepe::ertugrulgazi_bluepark__kartepe,0.0,439
cat__site_project_x_county_izmit::yesilova_park__izmit,0.0,440
cat__site_project_x_county_izmit::yesilova_liva_park__izmit,0.0,441
cat__site_project_x_county_izmit::yelken_park__izmit,0.0,442
cat__geo_cluster_x_room_count_city_9||2+2,0.0,443
cat__site_project_x_county_izmit::turkuaz_park__izmit,0.0,444
cat__site_project_x_county_izmit::respark_3__izmit,0.0,445
cat__site_project_x_county_izmit::lilyum_park_4__izmit,0.0,446
cat__site_project_x_county_izmit::lilyum_park_3__izmit,0.0,447
cat__site_project_x_county_izmit::lilyum_park_2__izmit,0.0,448
cat__site_project_x_county_izmit::lavinya_park__izmit,0.0,449
cat__geo_cluster_x_room_count_city_5||2+0,0.0,450
cat__geo_cluster_x_room_count_city_4||Stüdyo (1+0),0.0,451
cat__geo_cluster_x_room_count_city_4||5.5+1,0.0,452
cat__geo_cluster_x_room_count_city_4||5+2,0.0,453
cat__geo_cluster_x_room_count_city_4||5+1,0.0,454
cat__geo_cluster_x_room_count_city_4||4.5+1,0.0,455
cat__geo_cluster_x_room_count_city_4||4+2,0.0,456
cat__geo_cluster_x_room_count_city_4||3.5+1,0.0,457
cat__geo_cluster_x_room_count_city_4||1.5+1,0.0,458
cat__geo_cluster_x_room_count_city_3||6+1,0.0,459
cat__geo_cluster_x_room_count_city_3||5+2,0.0,460
num__bsk_coastal_x_geo_cluster,0.0,461
cat__site_project_x_county_korfez::vizyon_park__korfez,0.0,462
cat__site_project_x_county_korfez::petkim_park_turkoz_2015__korfez,0.0,463
cat__site_project_x_county_korfez::pektimpark__korfez,0.0,464
cat__site_project_x_county_korfez::pektim_park__korfez,0.0,465
cat__site_project_x_county_korfez::lux_teras_dublex_deniz_ve_park__korfez,0.0,466
num__coastal_access_score,0.0,467
num__bsk_distance_to_sea_x_view_sea,0.0,468
num__bsk_distance_to_sea_x_site_inside,0.0,469
num__bsk_distance_to_sea_x_quality,0.0,470
num__bsk_distance_to_sea_x_near_sea_zero,0.0,471
num__bsk_distance_to_sea_x_large_home,0.0,472
num__bsk_coastal_x_room_4p1,0.0,473
num__bsk_coastal_x_large_home,0.0,474
cat__geo_cluster_x_room_count_city_9||1.5+1,0.0,475
cat__geo_cluster_x_room_count_city_3||4.5+1,0.0,476
cat__geo_cluster_x_room_count_city_3||4+2,0.0,477
cat__geo_cluster_x_room_count_city_3||3+2,0.0,478
cat__geo_cluster_x_room_count_city_3||2.5+1,0.0,479
cat__geo_cluster_x_room_count_city_3||1.5+1,0.0,480
cat__geo_cluster_x_room_count_city_2||6+3,0.0,481
cat__geo_cluster_x_room_count_city_2||6+2,0.0,482
cat__geo_cluster_x_room_count_city_8||4.5+1,0.0,483
cat__geo_cluster_x_room_count_city_2||5.5+1,0.0,484
cat__geo_cluster_x_room_count_city_2||5+2,0.0,485
cat__geo_cluster_x_room_count_city_8||4+2,0.0,486
cat__geo_cluster_x_room_count_city_2||3.5+1,0.0,487
cat__geo_cluster_x_room_count_city_2||3+2,0.0,488
cat__geo_cluster_x_room_count_city_2||3+0,0.0,489
cat__geo_cluster_x_room_count_city_2||2.5+1,0.0,490
cat__geo_cluster_x_room_count_city_2||2+0,0.0,491
cat__geo_cluster_x_room_count_city_1||6+2,0.0,492
cat__geo_cluster_x_room_count_city_1||5+2,0.0,493
cat__geo_cluster_x_room_count_city_1||4.5+1,0.0,494
num__demo_market_activity_available,0.0,495
cat__geo_cluster_x_room_count_city_1||3.5+1,0.0,496
cat__geo_cluster_x_room_count_city_1||2.5+1,0.0,497
cat__geo_cluster_x_room_count_city_1||1.5+1,0.0,498
cat__geo_cluster_x_room_count_city_11||6+1,0.0,499
cat__geo_cluster_x_room_count_city_11||5+2,0.0,500
cat__geo_cluster_x_room_count_city_8||3.5+1,0.0,501
cat__duplex_x_site_project_duplex__kartepe::pasapark_evleri_12,0.0,502
cat__duplex_x_site_project_duplex__kartepe::pasa_park_evleri_13,0.0,503
cat__duplex_x_site_project_duplex__izmit::lilyum_park_4,0.0,504
cat__duplex_x_site_project_duplex__izmit::lilyum_park_3,0.0,505
cat__duplex_x_site_project_duplex__izmit::golpark_star_life,0.0,506
cat__duplex_x_site_project_duplex__izmit::akasya_park_evleri_2,0.0,507
cat__duplex_x_site_project_duplex__golcuk::baris_park_evleri_1,0.0,508
cat__duplex_x_site_project_duplex__basiskele::ust_park_atakent,0.0,509
cat__duplex_x_site_project_duplex__basiskele::torunogullari_park_2,0.0,510
cat__duplex_x_site_project_duplex__basiskele::supark_megaron,0.0,511
cat__duplex_x_site_project_duplex__basiskele::platinium,0.0,512
cat__basiskele_geo_cluster_x_m2_group_Başiskele_5||0-75,0.0,513
num__log_distance_to_sea,0.0,514
num__location_precision_district_only,0.0,515
num__is_coastal_250m,0.0,516
num__is_coastal_500m,0.0,517
cat__geo_cluster_x_room_count_city_11||4+3,0.0,518
cat__geo_cluster_x_room_count_missing||4.5+1,0.0,519
cat__geo_cluster_x_room_count_missing||4+2,0.0,520
cat__geo_cluster_x_room_count_missing||3.5+1,0.0,521
cat__geo_cluster_x_room_count_missing||3+2,0.0,522
cat__geo_cluster_x_room_count_missing||3+0,0.0,523
cat__geo_cluster_x_room_count_missing||2.5+1,0.0,524
cat__geo_cluster_x_room_count_missing||2+2,0.0,525
cat__geo_cluster_x_room_count_city_9||6+2,0.0,526
cat__geo_cluster_x_room_count_city_7||3.5+1,0.0,527
cat__geo_cluster_x_room_count_city_9||5+2,0.0,528
cat__geo_cluster_x_room_count_city_8||2.5+1,0.0,529
cat__geo_cluster_x_room_count_city_7||6+1,0.0,530
cat__geo_cluster_x_room_count_city_7||4+2,0.0,531
num__is_coastal_1000m,0.0,532
