county,site_project_id,n_listings,known_premium
Darıca,missing,290,0
Gebze,missing,281,0
Körfez,missing,277,0
Çayırova,missing,276,0
Gölcük,missing,268,0
Derince,missing,263,0
Başiskele,missing,234,0
Kartepe,missing,225,0
İzmit,missing,214,0
Derince,derince::cinarlikent,8,0
İzmit,izmit::kavanya_koru,7,0
Başiskele,basiskele::zeray_gunesi,7,1
Çayırova,cayirova::ozgunkent,5,0
Kartepe,kartepe::zeray_esil,5,0
Körfez,korfez::emlak_korfezkent_2,5,0
Çayırova,cayirova::meva_anadolu,5,0
İzmit,izmit::toki_arizli,5,0
Kartepe,kartepe::mahal_kartepe,5,0
Gebze,gebze::gebze_emlak_konutlari_3,5,0
Çayırova,cayirova::mopas_bahce_evler,5,0
Başiskele,basiskele::bahcekent_konutlari,4,0
Kartepe,kartepe::480,4,0
Gölcük,golcuk::toki_sivritepe,4,0
Gölcük,golcuk::kavanium,4,0
İzmit,izmit::izmitkent_konutlari_3,4,0
Başiskele,basiskele::kirazli_kent,4,0
Körfez,korfez::emlak_korfez_kent_3,4,0
İzmit,izmit::yildiz,4,0
Derince,derince::yelkent_korupark,4,0
Derince,derince::safir_konaklari,4,0
Darıca,darica::kastel_tatil_koyu,4,0
İzmit,izmit::sepetci_toki,4,0
Başiskele,basiskele::altin_vadi,4,0
Başiskele,basiskele::royal_country,3,0
Kartepe,kartepe::tuana,3,0
Başiskele,basiskele::esila_park,3,0
Başiskele,basiskele::evimiz_kocaeli,3,1
İzmit,izmit::izmitkent_konutlari_5,3,0
Başiskele,basiskele::emar_delux_yuvacik,3,0
Kartepe,kartepe::saglik_kent,3,0
Körfez,korfez::gizli_bahce_konaklari,3,0
Körfez,korfez::ogretmenler,3,0
Başiskele,basiskele::elitium_trio,3,0
Kartepe,kartepe::beykoz_evleri_1,3,0
Kartepe,kartepe::dorukpark,3,0
Gebze,gebze::emlak_gebze_2,3,0
Gebze,gebze::erengul_yasam,3,0
Gebze,gebze::yildiz,3,0
Kartepe,kartepe::kartepe_kent_meydaninda,3,0
Kartepe,kartepe::emar_delux,3,0
Kartepe,kartepe::forum_anatolia,3,0
Gölcük,golcuk::true_life,3,0
Derince,derince::derince_park,3,0
Derince,derince::bariskent,3,0
Derince,derince::yelkent_safir_konaklari,3,0
Derince,derince::yildirim_park,3,0
İzmit,izmit::yuvam_akarca,3,0
İzmit,izmit::sekbanli_toki,3,0
İzmit,izmit::yuvam_turgut_toplu,3,0
İzmit,izmit::terrace_yahyakaptan,3,0
İzmit,izmit::tuana_evleri_3,3,0
Gölcük,golcuk::mavi_sehir,2,0
Gebze,gebze::efem,2,0
Gölcük,golcuk::sengun,2,0
Gölcük,golcuk::vadi_degirmendere,2,0
Gebze,gebze::toki_gebze,2,0
Derince,derince::inci,2,0
Derince,derince::kalici_konutlar,2,0
Darıca,darica::yelken_kaya_korfez,2,0
Darıca,darica::g_marin_divan,2,0
İzmit,izmit::izmitkent_konutlari_2,2,0
Darıca,darica::green_life,2,0
Kartepe,kartepe::son_kartepe_fsm_akev,2,0
Derince,derince::yelkent_zirve,2,0
Derince,derince::yenikent_toki,2,0
Gölcük,golcuk::olkar_atasehir,2,0
Başiskele,basiskele::ustpark_yuvacik,2,0
Darıca,darica::kayakent_konaklari,2,0
Gebze,gebze::yesilkent,2,0
Başiskele,basiskele::ceneviz_adalari,2,0
Başiskele,basiskele::zeray_perla,2,1
Gebze,gebze::beytepe_konaklari,2,0
Gölcük,golcuk::hasdayi,2,0
Kartepe,kartepe::kartepe_cadde_life,2,0
Kartepe,kartepe::butik,2,0
Kartepe,kartepe::gate_41_masukiye,2,0
Başiskele,basiskele::twinkle_life,2,0
Kartepe,kartepe::kartepe_konaklari,2,0
Kartepe,kartepe::kartepe_konutlari_2,2,0
Kartepe,kartepe::marmara_34,2,0
Kartepe,kartepe::sarimese_konaklari,2,0
Başiskele,basiskele::orka_life_2,2,1
Başiskele,basiskele::royal_city_akkurt,2,0
Körfez,korfez::baris_kent,2,0
Körfez,korfez::emlak_korfez_kent_sitesi_1,2,0
Körfez,korfez::emlak_korfez_kent_sitesi_2,2,0
Körfez,korfez::emlak_korfez_kent_sitesi_4,2,0
Körfez,korfez::emlak_korfezkent_1,2,0
Körfez,korfez::er_ay,2,0
Çayırova,cayirova::aymac,2,0
Körfez,korfez::kavanium_korfez,2,0
Çayırova,cayirova::akse_life,2,0
Çayırova,cayirova::aksu_yasam,2,0
Çayırova,cayirova::cagdaskent_700_ada,2,0
Çayırova,cayirova::gokturk,2,0
Çayırova,cayirova::toki_bloklari,2,0
Başiskele,basiskele::iskar_elit_kent,2,0
Başiskele,basiskele::mahall_yuvacik_2,2,0
İzmit,izmit::cepni_up_town_evleri_2,2,0
İzmit,izmit::erenler_cedit,2,0
Başiskele,basiskele::elitium_park,2,0
İzmit,izmit::kavanium,2,0
İzmit,izmit::kent_konutlari_2,2,0
İzmit,izmit::akkus,2,0
Başiskele,basiskele::doga,2,0
İzmit,izmit::yuvam_akarca_evleri_10_ada,1,0
Darıca,darica::iyigun,1,0
Darıca,darica::kevser_sitesi_5,1,0
Darıca,darica::kiana,1,0
Darıca,darica::manolya,1,0
Darıca,darica::marina,1,0
Darıca,darica::obitas_sahil,1,0
Darıca,darica::ozden_evler,1,0
Darıca,darica::pirlanta,1,0
Darıca,darica::rams_denizkent_bayramoglu,1,0
Darıca,darica::sahra_city,1,0
Darıca,darica::sinirsiz_kredili_bayramoglu_mevki,1,0
Darıca,darica::tuzla_caddesi_uzeri_butik,1,0
Darıca,darica::alemdar_houses_suites,1,0
Darıca,darica::ataturk_caddesi_yakini,1,0
Derince,derince::lassa_guler,1,0
Derince,derince::melodi,1,0
Darıca,darica::yelkenkaya_deniz_evler,1,0
Darıca,darica::yurttas,1,0
Derince,derince::6_nolu_kooperatif,1,0
Derince,derince::anil_siteleri,1,0
Derince,derince::aytes,1,0
Derince,derince::azka,1,0
Derince,derince::balkent,1,0
Derince,derince::baskent,1,0
Derince,derince::begonvil_konaklari,1,0
Derince,derince::blue_sky,1,0
Derince,derince::canan,1,0
Derince,derince::cenedag,1,0
Derince,derince::cinarli,1,0
Derince,derince::tepecik,1,0
Derince,derince::derince_dumlupinarda,1,0
Derince,derince::derince_yavuzsultan_da,1,0
Derince,derince::emay_dan_derince_60_evler_sahilde,1,0
Derince,derince::emekli_isciler,1,0
Derince,derince::emniyetciler,1,0
Derince,derince::erdem,1,0
Derince,derince::esnaflar_kooperatifi,1,0
Derince,derince::eston_derince,1,0
Derince,derince::gada_panorama_park,1,0
Derince,derince::genc_isciler,1,0
Derince,derince::goktas,1,0
Başiskele,basiskele::yuvacik_pasadagi_mh,1,0
Başiskele,basiskele::yuvana_evleri,1,0
Başiskele,basiskele::zeray_kent,1,0
Başiskele,basiskele::zeray_korupark,1,1
Gebze,gebze::eylul,1,0
Gebze,gebze::gavize_park,1,0
Derince,derince::murgul,1,0
Derince,derince::olgun_kent,1,0
Derince,derince::omur_siteleri,1,0
Derince,derince::ozge_bilge,1,0
Derince,derince::ozgurler,1,0
Derince,derince::petrol_is,1,0
Derince,derince::royal_den_derince_60_evler_sefa,1,0
Derince,derince::senem_balci,1,0
Derince,derince::tapusu_hazir_yenikent_toki,1,0
Gebze,gebze::deniz,1,0
Gebze,gebze::doktor_kent,1,0
Gebze,gebze::durupark,1,0
Gebze,gebze::emlak,1,0
Gebze,gebze::emlak_gebze_2_etap_5784,1,0
Başiskele,basiskele::ust_park_yuvacik,1,0
Başiskele,basiskele::ustgrup_mezire,1,1
Başiskele,basiskele::ustpark_afraze,1,0
Başiskele,basiskele::villa_liva,1,0
Başiskele,basiskele::yagmurkent,1,0
Başiskele,basiskele::yesilyurt,1,0
Başiskele,basiskele::yesilyurt_mah_durupark,1,0
Başiskele,basiskele::yesilyurt_mahallesin_de,1,0
Başiskele,basiskele::yuvacik_kalici_konutlari_2_ada,1,0
Gebze,gebze::iskar_pasa_konaklari,1,0
Gebze,gebze::koru,1,0
Gebze,gebze::koza_kent,1,0
Gebze,gebze::kristal_cam,1,0
Gebze,gebze::mavi_bloklar,1,0
Gebze,gebze::mollaoglu_toplu,1,0
Gebze,gebze::net_den_gebze_carsi_tatlikuyuda_kacmaz,1,0
Gebze,gebze::okyanus,1,0
Gebze,gebze::ozlem_evler,1,0
Gebze,gebze::ruzgar,1,0
Gebze,gebze::safirpark,1,0
Gebze,gebze::aden_park,1,0
Gebze,gebze::balaban,1,0
Gebze,gebze::bogazici,1,0
Gebze,gebze::boran_bloklari,1,0
Gebze,gebze::toki_gebze_site_yonetimi,1,0
Gebze,gebze::vadipark,1,0
Gebze,gebze::vefa,1,0
Gebze,gebze::yayla,1,0
Gebze,gebze::yenikent_bogazici,1,0
Gebze,gebze::yildiz_bloklari,1,0
Gebze,gebze::zumrut_evler,1,0
Gölcük,golcuk::100_yil_bariser,1,0
Gölcük,golcuk::80_ine_kredi_imkamli,1,0
Gölcük,golcuk::aylan_1,1,0
Gölcük,golcuk::ayse_torunogullari,1,0
Gebze,gebze::gebze_emlak_konutlari_2,1,0
Gebze,gebze::gebze_kirazpinar_emlak_konutlari_3_etap,1,0
Gebze,gebze::gebze_toki,1,0
Gebze,gebze::imza_residence_2,1,0
Gölcük,golcuk::bahce_dubleks,1,0
Gölcük,golcuk::balaban_city,1,0
Gölcük,golcuk::baris_vizyon_deluxe,1,0
Gölcük,golcuk::dan,1,0
Gölcük,golcuk::degirmendere_ervatan,1,0
Gölcük,golcuk::degirmendere_konaklari,1,0
Gölcük,golcuk::degirmendere_merkezi_konum_evim_kent,1,0
Gölcük,golcuk::deniz_yildizi,1,0
Gölcük,golcuk::doga,1,0
Gölcük,golcuk::emek,1,0
Gölcük,golcuk::full_deniz_manzarali,1,0
Gölcük,golcuk::golcuk_degirmendere_metropolitangreyeffect,1,0
Gölcük,golcuk::golcuk_degirmendere_orcun,1,0
Gebze,gebze::seher_yeli,1,0
Gölcük,golcuk::golcuk_kavanium_2,1,0
Gölcük,golcuk::hisareynde,1,0
Gölcük,golcuk::ilica_evleri_3,1,0
Gölcük,golcuk::kavanium_2,1,0
Gölcük,golcuk::kurtulus,1,0
Gölcük,golcuk::menekse_park,1,0
Gölcük,golcuk::mercan_bagkent,1,0
Gölcük,golcuk::muhammet_ali_torunogullari,1,0
Gölcük,golcuk::nida_torunogullari,1,0
Gölcük,golcuk::ocak,1,0
Gölcük,golcuk::orcun_manzara,1,0
Gölcük,golcuk::azat_park,1,0
Gölcük,golcuk::azra_6,1,0
Gölcük,golcuk::ovunc,1,0
Gölcük,golcuk::rakicioglu,1,0
Gölcük,golcuk::remaxcakra_omer_onayci_dan,1,0
Gölcük,golcuk::revna_life,1,0
Gölcük,golcuk::sarayli_kalici_konutlari_182_ada,1,0
Gölcük,golcuk::satilik_daire_toki_konutlari,1,0
Gölcük,golcuk::sehri_torunoglu,1,0
Gölcük,golcuk::seval,1,0
Gölcük,golcuk::sirinkent_kalici_konutlari_19_ada,1,0
Gölcük,golcuk::subasi,1,0
Gölcük,golcuk::tanyildizdan_golcuk_elit_park,1,0
Gölcük,golcuk::tasdan_premium_city,1,0
Gölcük,golcuk::toki_konutlari,1,0
Gölcük,golcuk::topcularda_havuzlu,1,0
Gölcük,golcuk::golcuk_ihsaniye_balaban_yasam,1,0
Kartepe,kartepe::eksioglu_kardelen,1,0
Kartepe,kartepe::ena_gayrimenkulden_kartepe_s_royal2,1,0
Kartepe,kartepe::ertugrul_gazi_de,1,0
Kartepe,kartepe::garden_kartepe_2,1,0
Gölcük,golcuk::turkuaz,1,0
Kartepe,kartepe::1_69_kredi_icon,1,0
Kartepe,kartepe::acill_deallife_dan_ataevlerde,1,0
Kartepe,kartepe::adesa,1,0
Kartepe,kartepe::agkoc_evleri_2,1,0
Kartepe,kartepe::aras_gayrimenkulden_fsm_de,1,0
Kartepe,kartepe::atakent_evleri_132_ada,1,0
Kartepe,kartepe::atakent_evleri_152_ada,1,0
Gölcük,golcuk::elit_park,1,0
Kartepe,kartepe::aykent,1,0
Kartepe,kartepe::boutique_kartepe,1,0
Kartepe,kartepe::kartepe_ataevler,1,0
Kartepe,kartepe::kartepe_atakent,1,0
İzmit,izmit::golkent_turkuaz,1,0
Kartepe,kartepe::kartepe_de_manzarali,1,0
Kartepe,kartepe::kartepe_dumlupinar_ritim_naz,1,0
Kartepe,kartepe::kartepe_fsm_mah,1,0
Kartepe,kartepe::kartepe_ibrikdere_butik,1,0
İzmit,izmit::tadu_concept,1,0
Kartepe,kartepe::carpediem_kartepe,1,0
Kartepe,kartepe::cinar,1,0
Kartepe,kartepe::deallife_dan_hasanpasada_butik,1,0
Kartepe,kartepe::derbent_mh,1,0
Kartepe,kartepe::derin_den_ert_gazi_mah,1,0
Kartepe,kartepe::dosteller,1,0
Kartepe,kartepe::ekomax_dan_e_gazi_asansrlu_havzlu,1,0
Kartepe,kartepe::ekomaxdan_sinirsiz_kredi_asansoru,1,0
Kartepe,kartepe::meltem,1,0
Kartepe,kartepe::merkezi_konum_havuzlu_ve_asansorlu,1,0
Kartepe,kartepe::mk_elegance,1,0
Kartepe,kartepe::modern_2,1,0
Kartepe,kartepe::my_life_kartepe,1,0
Kartepe,kartepe::neff_vizyon,1,0
Kartepe,kartepe::onur,1,0
Kartepe,kartepe::ozdilek_atakent,1,0
Kartepe,kartepe::gate_41,1,0
Başiskele,basiskele::ara,1,0
Kartepe,kartepe::guldeste_sitesi_2,1,0
Kartepe,kartepe::hursoy_sitesi_atakent_1,1,0
Kartepe,kartepe::k_h_eksioglu_insaat_limited_sirketi,1,0
Kartepe,kartepe::kamelya,1,0
Kartepe,kartepe::kartepe,1,0
Kartepe,kartepe::kartepe_aslanbey_vera_life,1,0
Başiskele,basiskele::terasta_life,1,0
Başiskele,basiskele::tinaztepede,1,0
İzmit,izmit::tuana_evleri_2,1,0
Başiskele,basiskele::ust_deniz_manzarali_asansorlu,1,0
Başiskele,basiskele::ust_park_atakent,1,0
Kartepe,kartepe::zeray_effect_kartepe,1,0
Körfez,korfez::adem_uslu_evyap,1,0
Körfez,korfez::allak,1,0
Körfez,korfez::ata,1,0
İzmit,izmit::zeray_dora_hill,1,0
İzmit,izmit::green_hill_city,1,0
Kartepe,kartepe::kartepe_serender_park,1,0
Kartepe,kartepe::kent_meydaninda_1_99_krediyle,1,0
Kartepe,kartepe::konak,1,0
Kartepe,kartepe::krediye_eminevime_uygun_butik,1,0
İzmit,izmit::hanzade,1,0
İzmit,izmit::humeyra_park,1,0
Kartepe,kartepe::atakoy,1,0
Kartepe,kartepe::sudeks_dorukkent_sitesi_1,1,0
Kartepe,kartepe::tuana_evleri_1,1,0
Kartepe,kartepe::vefakent_saklibahce,1,0
Kartepe,kartepe::yonca,1,0
Başiskele,basiskele::orka_life,1,0
İzmit,izmit::iremkent,1,0
Başiskele,basiskele::panorama_3,1,0
Başiskele,basiskele::panoramakent_2,1,0
Başiskele,basiskele::pasadag_mah_full_deniz_manzarali,1,0
Başiskele,basiskele::platinium,1,0
Başiskele,basiskele::armoni_2,1,0
Başiskele,basiskele::secret_garden,1,0
Başiskele,basiskele::supark_megaron,1,0
Başiskele,basiskele::teras_marmara,1,0
Körfez,korfez::sehr_i_seyir_konaklari,1,0
Başiskele,basiskele::aurapark,1,0
Körfez,korfez::basaran,1,0
Körfez,korfez::besballi,1,0
Körfez,korfez::duru,1,0
Körfez,korfez::emin_aga,1,0
Başiskele,basiskele::aydinkent,1,0
Başiskele,basiskele::aydinkent_kalici_konutlari_19_ada,1,0
Başiskele,basiskele::barbaros_mah,1,0
Başiskele,basiskele::barbaros_mh,1,0
Körfez,korfez::emlak_korfezkent_1930_ada_4,1,0
Körfez,korfez::emlak_korfezkent_3_etap_1924,1,0
Başiskele,basiskele::boyunegmez_yasam,1,0
Körfez,korfez::evimiz_kocaeli,1,1
Kartepe,kartepe::ritim_kartepe,1,0
Kartepe,kartepe::rose_garden,1,0
Başiskele,basiskele::cb_envoy_dan_yesilyurt_mah,1,0
Çayırova,cayirova::birr_sehir,1,0
Körfez,korfez::hilal,1,0
Körfez,korfez::huzur,1,0
İzmit,izmit::tavsantepe_toki,1,0
Körfez,korfez::kavanium_korfez_sitesi_1203_ada_16,1,0
Körfez,korfez::korfez_belediyesi_ilimtepe_belediye,1,0
Körfez,korfez::korfez_belediyesi_ilimtepe_kalici_konutlari_1544,1,0
Körfez,korfez::korfez_kalici,1,0
Körfez,korfez::korfez_kalici_konutlari_5_ada,1,0
Körfez,korfez::korfezim_konaklari,1,0
Körfez,korfez::lux_teras_dublex_deniz_ve_park,1,0
Körfez,korfez::mefa_emaktan_korfez_kent,1,0
Körfez,korfez::mefa_emlaktan_korfez_kent,1,0
Körfez,korfez::nasas_emek,1,0
Körfez,korfez::ozkardelen,1,0
Çayırova,cayirova::guzeltepe,1,0
Çayırova,cayirova::inonu_mahallesi_hayme_ana_park,1,0
Çayırova,cayirova::kafkas,1,0
Körfez,korfez::sumerbanklar,1,0
Körfez,korfez::tugra_konaklari,1,0
Körfez,korfez::turkoz_ata,1,0
Körfez,korfez::ulas,1,0
Körfez,korfez::umut_apartmani,1,0
Körfez,korfez::vizyon_park,1,0
Körfez,korfez::yalikent_sahil,1,0
Körfez,korfez::zafer,1,0
Darıca,darica::battalgazi_caddesinde,1,0
Çayırova,cayirova::aksede,1,0
Darıca,darica::bayramiglu,1,0
Çayırova,cayirova::alb_akse_life,1,0
Çayırova,cayirova::arpalist,1,0
Başiskele,basiskele::memur_sen,1,0
Başiskele,basiskele::mona_vadi,1,0
Başiskele,basiskele::oluklu_life,1,0
İzmit,izmit::seka,1,0
Çayırova,cayirova::birr_sehir_3,1,0
Çayırova,cayirova::butik,1,0
Çayırova,cayirova::cagdas_kent,1,0
Darıca,darica::bayramoglu_havuzlu,1,0
Çayırova,cayirova::cayirova_da_dubleks,1,0
Çayırova,cayirova::cayirova_kent,1,0
Çayırova,cayirova::cayirova_toki,1,0
Çayırova,cayirova::damla_su,1,0
Çayırova,cayirova::emek_toki,1,0
Çayırova,cayirova::gok_deniz,1,0
Darıca,darica::bayramoglu_zen,1,0
Çayırova,cayirova::gold_city,1,0
Darıca,darica::butik,1,0
Çayırova,cayirova::toki_evleri,1,0
Çayırova,cayirova::turanhan_sitesi_s_1_blok83_1,1,0
İzmit,izmit::akarca,1,0
İzmit,izmit::akcakent_1,1,0
İzmit,izmit::akcakoca,1,0
Çayırova,cayirova::birr_sehir_1,1,0
Başiskele,basiskele::erguvan_konaklari,1,0
Başiskele,basiskele::havuzlu,1,0
Başiskele,basiskele::isil,1,0
Darıca,darica::cami_mah,1,0
Başiskele,basiskele::kardelen,1,0
Başiskele,basiskele::kolayli_kullar,1,0
Darıca,darica::cami_mah_manolya,1,0
Başiskele,basiskele::mamik_reform,1,0
Başiskele,basiskele::manar_terrace,1,0
İzmit,izmit::bagcesme_modern,1,0
İzmit,izmit::bagtepe,1,0
İzmit,izmit::baris_sitesi_2,1,0
İzmit,izmit::cef_city_golpark,1,0
Darıca,darica::darica_merkez_de,1,0
İzmit,izmit::diamond_prestige_2,1,0
İzmit,izmit::dora_hill,1,0
İzmit,izmit::dunya_bankasi_konutlari_27_ada,1,0
İzmit,izmit::emniyetciler,1,0
Darıca,darica::emek_mahallesinde_havuzlu,1,0
Çayırova,cayirova::kose_basi_guney_cepe_onu_park,1,0
Çayırova,cayirova::palmiye,1,0
Çayırova,cayirova::pasific_aura,1,0
Çayırova,cayirova::sekerpinar_deprem_konutlari_5,1,0
Çayırova,cayirova::sekerpinar_doga,1,0
Çayırova,cayirova::toki_20007,1,0
Başiskele,basiskele::dongelde,1,0
Başiskele,basiskele::duru_park,1,0
Darıca,darica::es_marin_konaklari,1,0
İzmit,izmit::jasmine_country,1,0
İzmit,izmit::kavan_life_gundogdu,1,0
Darıca,darica::g_marin_managed_by_divan,1,0
İzmit,izmit::kavanium_833_ada,1,0
İzmit,izmit::kent,1,0
Darıca,darica::golden_city,1,0
İzmit,izmit::kent_konutlari_3,1,0
İzmit,izmit::yelkent_tetra,1,0
İzmit,izmit::anadolu,1,0
İzmit,izmit::ara,1,0
İzmit,izmit::armonia,1,0
İzmit,izmit::asrin_saraylari_2,1,0
İzmit,izmit::bagcesme_kavanium,1,0
İzmit,izmit::tepekoy_toki_konutlari_191_ada,1,0
İzmit,izmit::turkuaz_park,1,0
İzmit,izmit::ufuk,1,0
İzmit,izmit::umutkent,1,0
İzmit,izmit::vere_house_2,1,0
İzmit,izmit::visinya,1,0
İzmit,izmit::vista,1,0
İzmit,izmit::yahya_kaptan,1,0
İzmit,izmit::pinar,1,0
İzmit,izmit::pirelli,1,0
İzmit,izmit::plajyolu,1,0
İzmit,izmit::remax_bagcesme_orhan_mh,1,0
İzmit,izmit::remax_dream_avenue,1,0
İzmit,izmit::saray_evleri_anemon,1,0
İzmit,izmit::sea_life_41,1,0
İzmit,izmit::yildizlar_tepesi,1,0
İzmit,izmit::tarcanlardan_bayindirlik,1,0
İzmit,izmit::lilyum_park_3,1,0
İzmit,izmit::mamikler,1,0
İzmit,izmit::masiva_kozluk,1,0
İzmit,izmit::maykon_smart_plus,1,0
İzmit,izmit::mimkon_yasam,1,0
İzmit,izmit::myra_3,1,0
İzmit,izmit::ogretmenler,1,0
İzmit,izmit::ozgur,1,0
İzmit,izmit::turkoz,1,0
İzmit,izmit::selale,1,0
İzmit,izmit::semt,1,0
İzmit,izmit::solin,1,0
İzmit,izmit::sudeks_bagcesme,1,0
İzmit,izmit::sunrise_yesilova,1,0
İzmit,izmit::sehrin_yildizi,1,0
